customer_id,3,TWD_demand_deposit,3696970944,credit_card_payment,HJWAGQJGPGNMXSMNLQCT,digital,MyBank,"{\"action\": {\"amt\": 1640.4201143884995, \"currency_code\": \"USD\"}}",mybank
customer_id,28,TWD_demand_deposit,3696970944,credit_card_payment,HJWAGQJGPGNMXSMNLQCT,digital,MyBank,"{\"action\": {\"amt\": 1640.4201143884995, \"currency_code\": \"USD\"}}",mybank
customer_id,8,fund,3696974509,fixed_quota_purchase,AMUHVEQHXWMLXTNDCNLT,digital,MyBank,"{\"action\": {\"amt\": 17.20496979077547, \"currency_code\": \"TWD\"}}",mybank
customer_id,33,fund,3696974509,fixed_quota_purchase,AMUHVEQHXWMLXTNDCNLT,digital,MyBank,"{\"action\": {\"amt\": 17.20496979077547, \"currency_code\": \"TWD\"}}",mybank
customer_id,5,fund,3696980518,general_purchase,ALEKYQNXTWIHXCWASKRP,digital,MyBank,"{\"action\": {\"amt\": 1403.8698580586802, \"currency_code\": \"USD\"}}",mybank
customer_id,30,fund,3696980518,general_purchase,ALEKYQNXTWIHXCWASKRP,digital,MyBank,"{\"action\": {\"amt\": 1403.8698580586802, \"currency_code\": \"USD\"}}",mybank
customer_id,2,fund,3696983417,fixed_quota_purchase,LYUVCUTWUFGRCLTVDTYW,digital,MMB,"{\"action\": {\"amt\": 1004.487237778882, \"currency_code\": \"USD\"}}",mybank
customer_id,27,fund,3696983417,fixed_quota_purchase,LYUVCUTWUFGRCLTVDTYW,digital,MMB,"{\"action\": {\"amt\": 1004.487237778882, \"currency_code\": \"USD\"}}",mybank
customer_id,9,TWD_demand_deposit,3697002984,transfer,IVWRZGNDBHPXHSWIXSTD,digital,MMB,"{\"action\": {\"amt\": 2663.8161340635656, \"currency_code\": \"TWD\"}}",mybank
customer_id,34,TWD_demand_deposit,3697002984,transfer,IVWRZGNDBHPXHSWIXSTD,digital,MMB,"{\"action\": {\"amt\": 2663.8161340635656, \"currency_code\": \"TWD\"}}",mybank
customer_id,8,fund,3697011716,general_purchase,ZUTZQZLIQUOQBXGWMENW,digital,MMB,"{\"action\": {\"amt\": 22.47378490786488, \"currency_code\": \"TWD\"}}",mybank
customer_id,33,fund,3697011716,general_purchase,ZUTZQZLIQUOQBXGWMENW,digital,MMB,"{\"action\": {\"amt\": 22.47378490786488, \"currency_code\": \"TWD\"}}",mybank
customer_id,24,fund,3697023026,general_purchase,WWNYPDWSECDKGJOYNZEK,digital,MMB,"{\"action\": {\"amt\": 1630.0065822973852, \"currency_code\": \"USD\"}}",mybank
customer_id,49,fund,3697023026,general_purchase,WWNYPDWSECDKGJOYNZEK,digital,MMB,"{\"action\": {\"amt\": 1630.0065822973852, \"currency_code\": \"USD\"}}",mybank
customer_id,7,fund,3697026783,fixed_quota_purchase,RYSYHRSYJBVSEZJJESUA,digital,MyBank,"{\"action\": {\"amt\": 4620.82939931363, \"currency_code\": \"USD\"}}",mybank
customer_id,32,fund,3697026783,fixed_quota_purchase,RYSYHRSYJBVSEZJJESUA,digital,MyBank,"{\"action\": {\"amt\": 4620.82939931363, \"currency_code\": \"USD\"}}",mybank
customer_id,21,fund,3697028639,general_purchase,QEUNKNMTCBIMMMVRUWEC,digital,MMB,"{\"action\": {\"amt\": 895.4202837458862, \"currency_code\": \"TWD\"}}",mybank
customer_id,46,fund,3697028639,general_purchase,QEUNKNMTCBIMMMVRUWEC,digital,MMB,"{\"action\": {\"amt\": 895.4202837458862, \"currency_code\": \"TWD\"}}",mybank
customer_id,14,fund,3697029101,general_purchase,KPSKZPBUAUCLUSTRLTJL,digital,MMB,"{\"action\": {\"amt\": 1004.2857883731624, \"currency_code\": \"USD\"}}",mybank
customer_id,39,fund,3697029101,general_purchase,KPSKZPBUAUCLUSTRLTJL,digital,MMB,"{\"action\": {\"amt\": 1004.2857883731624, \"currency_code\": \"USD\"}}",mybank
customer_id,7,TWD_demand_deposit,3697030327,transfer,STSVRVJLIBHADBGTJCDY,digital,MMB,"{\"action\": {\"amt\": 986.9776267001845, \"currency_code\": \"TWD\"}}",mybank
customer_id,32,TWD_demand_deposit,3697030327,transfer,STSVRVJLIBHADBGTJCDY,digital,MMB,"{\"action\": {\"amt\": 986.9776267001845, \"currency_code\": \"TWD\"}}",mybank
customer_id,25,TWD_demand_deposit,3697034246,other_payment,JNNGXSWJRFRWGMPTVKXH,digital,MyBank,"{\"action\": {\"amt\": 812.2882646648769, \"currency_code\": \"TWD\"}}",mybank
customer_id,50,TWD_demand_deposit,3697034246,other_payment,JNNGXSWJRFRWGMPTVKXH,digital,MyBank,"{\"action\": {\"amt\": 812.2882646648769, \"currency_code\": \"TWD\"}}",mybank
customer_id,22,fund,3697038306,general_purchase,UWKOIFCALGUWQHVKZVOA,digital,MMB,"{\"action\": {\"amt\": 1355.3063946382356, \"currency_code\": \"USD\"}}",mybank
customer_id,47,fund,3697038306,general_purchase,UWKOIFCALGUWQHVKZVOA,digital,MMB,"{\"action\": {\"amt\": 1355.3063946382356, \"currency_code\": \"USD\"}}",mybank
customer_id,20,TWD_demand_deposit,3697046580,credit_card_payment,LFEIIKEIUMSRHNDFIHYA,digital,MMB,"{\"action\": {\"amt\": 357.9551408764997, \"currency_code\": \"USD\"}}",mybank
customer_id,45,TWD_demand_deposit,3697046580,credit_card_payment,LFEIIKEIUMSRHNDFIHYA,digital,MMB,"{\"action\": {\"amt\": 357.9551408764997, \"currency_code\": \"USD\"}}",mybank
customer_id,20,TWD_demand_deposit,3697047928,other_payment,EWGAGVVQKAKFOLHGCLDU,digital,MMB,"{\"action\": {\"amt\": 3154.4989871264747, \"currency_code\": \"TWD\"}}",mybank
customer_id,45,TWD_demand_deposit,3697047928,other_payment,EWGAGVVQKAKFOLHGCLDU,digital,MMB,"{\"action\": {\"amt\": 3154.4989871264747, \"currency_code\": \"TWD\"}}",mybank
customer_id,23,TWD_demand_deposit,3697049116,transfer,HNYQNYQNRFUKHYWMHJUA,digital,MMB,"{\"action\": {\"amt\": 79.23478156711163, \"currency_code\": \"USD\"}}",mybank
customer_id,48,TWD_demand_deposit,3697049116,transfer,HNYQNYQNRFUKHYWMHJUA,digital,MMB,"{\"action\": {\"amt\": 79.23478156711163, \"currency_code\": \"USD\"}}",mybank
customer_id,2,TWD_demand_deposit,3697049182,other_payment,YCTFJLKHKTOVICXYTGTB,digital,MyBank,"{\"action\": {\"amt\": 220.6760978548343, \"currency_code\": \"TWD\"}}",mybank
customer_id,27,TWD_demand_deposit,3697049182,other_payment,YCTFJLKHKTOVICXYTGTB,digital,MyBank,"{\"action\": {\"amt\": 220.6760978548343, \"currency_code\": \"TWD\"}}",mybank
customer_id,7,fund,3697051629,fixed_quota_purchase,NAQXKGYZZYBWQTMPWCMR,digital,MyBank,"{\"action\": {\"amt\": 239.98993948336698, \"currency_code\": \"USD\"}}",mybank
customer_id,32,fund,3697051629,fixed_quota_purchase,NAQXKGYZZYBWQTMPWCMR,digital,MyBank,"{\"action\": {\"amt\": 239.98993948336698, \"currency_code\": \"USD\"}}",mybank
customer_id,14,fund,3697051714,fixed_quota_purchase,WCLXQNIMFUAFDNIOUXHM,digital,MyBank,"{\"action\": {\"amt\": 300.16425545873676, \"currency_code\": \"USD\"}}",mybank
customer_id,39,fund,3697051714,fixed_quota_purchase,WCLXQNIMFUAFDNIOUXHM,digital,MyBank,"{\"action\": {\"amt\": 300.16425545873676, \"currency_code\": \"USD\"}}",mybank
customer_id,9,fund,3697056668,fixed_quota_purchase,ZEFZUDKHKFXARNURDIIT,digital,MyBank,"{\"action\": {\"amt\": 2386.3278055150536, \"currency_code\": \"TWD\"}}",mybank
customer_id,34,fund,3697056668,fixed_quota_purchase,ZEFZUDKHKFXARNURDIIT,digital,MyBank,"{\"action\": {\"amt\": 2386.3278055150536, \"currency_code\": \"TWD\"}}",mybank
customer_id,3,TWD_demand_deposit,3697057108,credit_card_payment,ZKEXWMJXOTIJMFYUVQTZ,digital,MyBank,"{\"action\": {\"amt\": 387.0182882900678, \"currency_code\": \"TWD\"}}",mybank
customer_id,28,TWD_demand_deposit,3697057108,credit_card_payment,ZKEXWMJXOTIJMFYUVQTZ,digital,MyBank,"{\"action\": {\"amt\": 387.0182882900678, \"currency_code\": \"TWD\"}}",mybank
customer_id,9,fund,3697058234,fixed_quota_purchase,DQYBZZGZRMTLHTSZSDCE,digital,MyBank,"{\"action\": {\"amt\": 1294.2716305416093, \"currency_code\": \"USD\"}}",mybank
customer_id,34,fund,3697058234,fixed_quota_purchase,DQYBZZGZRMTLHTSZSDCE,digital,MyBank,"{\"action\": {\"amt\": 1294.2716305416093, \"currency_code\": \"USD\"}}",mybank
customer_id,24,TWD_demand_deposit,3697061983,other_payment,JRMGWXSIADCUGZLXIKYS,digital,MMB,"{\"action\": {\"amt\": 113.04065494209058, \"currency_code\": \"TWD\"}}",mybank
customer_id,49,TWD_demand_deposit,3697061983,other_payment,JRMGWXSIADCUGZLXIKYS,digital,MMB,"{\"action\": {\"amt\": 113.04065494209058, \"currency_code\": \"TWD\"}}",mybank
customer_id,21,TWD_demand_deposit,3697064949,credit_card_payment,LMBVWRDHTSALCFNEQDPE,digital,MMB,"{\"action\": {\"amt\": 1790.9040597200192, \"currency_code\": \"USD\"}}",mybank
customer_id,46,TWD_demand_deposit,3697064949,credit_card_payment,LMBVWRDHTSALCFNEQDPE,digital,MMB,"{\"action\": {\"amt\": 1790.9040597200192, \"currency_code\": \"USD\"}}",mybank
customer_id,13,TWD_demand_deposit,3697070242,other_payment,VPJMYWBVSQCRLJXZQAJJ,digital,MyBank,"{\"action\": {\"amt\": 1386.2027623050535, \"currency_code\": \"TWD\"}}",mybank
customer_id,38,TWD_demand_deposit,3697070242,other_payment,VPJMYWBVSQCRLJXZQAJJ,digital,MyBank,"{\"action\": {\"amt\": 1386.2027623050535, \"currency_code\": \"TWD\"}}",mybank
customer_id,9,fund,3697071886,general_purchase,XHNVTRGTARBXGSFQYGKT,digital,MMB,"{\"action\": {\"amt\": 211.19577125528747, \"currency_code\": \"TWD\"}}",mybank
customer_id,34,fund,3697071886,general_purchase,XHNVTRGTARBXGSFQYGKT,digital,MMB,"{\"action\": {\"amt\": 211.19577125528747, \"currency_code\": \"TWD\"}}",mybank
customer_id,25,TWD_demand_deposit,3697071910,credit_card_payment,YGPAFUXPXARVHWXUENYI,digital,MyBank,"{\"action\": {\"amt\": 1895.9880133096094, \"currency_code\": \"TWD\"}}",mybank
customer_id,50,TWD_demand_deposit,3697071910,credit_card_payment,YGPAFUXPXARVHWXUENYI,digital,MyBank,"{\"action\": {\"amt\": 1895.9880133096094, \"currency_code\": \"TWD\"}}",mybank
customer_id,8,TWD_demand_deposit,3697072676,other_payment,EGQDFUHRNXMGDCSFFAOR,digital,MMB,"{\"action\": {\"amt\": 223.36604598699927, \"currency_code\": \"TWD\"}}",mybank
customer_id,33,TWD_demand_deposit,3697072676,other_payment,EGQDFUHRNXMGDCSFFAOR,digital,MMB,"{\"action\": {\"amt\": 223.36604598699927, \"currency_code\": \"TWD\"}}",mybank
customer_id,21,fund,3697073722,general_purchase,CZHIDMCRLULXMTHKBKUT,digital,MMB,"{\"action\": {\"amt\": 1885.81542699006, \"currency_code\": \"TWD\"}}",mybank
customer_id,46,fund,3697073722,general_purchase,CZHIDMCRLULXMTHKBKUT,digital,MMB,"{\"action\": {\"amt\": 1885.81542699006, \"currency_code\": \"TWD\"}}",mybank
customer_id,25,fund,3697075101,fixed_quota_purchase,ARALGJUSPPQJXZJLPQGN,digital,MMB,"{\"action\": {\"amt\": 334.42587104880573, \"currency_code\": \"TWD\"}}",mybank
customer_id,50,fund,3697075101,fixed_quota_purchase,ARALGJUSPPQJXZJLPQGN,digital,MMB,"{\"action\": {\"amt\": 334.42587104880573, \"currency_code\": \"TWD\"}}",mybank
customer_id,16,TWD_demand_deposit,3697076118,transfer,GMXBMHAVLAVOMXRKPIBL,digital,MyBank,"{\"action\": {\"amt\": 1868.654802184494, \"currency_code\": \"TWD\"}}",mybank
customer_id,41,TWD_demand_deposit,3697076118,transfer,GMXBMHAVLAVOMXRKPIBL,digital,MyBank,"{\"action\": {\"amt\": 1868.654802184494, \"currency_code\": \"TWD\"}}",mybank
customer_id,25,TWD_demand_deposit,3697085152,credit_card_payment,IPGOGKMJWBTQOZISYIED,digital,MyBank,"{\"action\": {\"amt\": 224.75611409857106, \"currency_code\": \"TWD\"}}",mybank
customer_id,50,TWD_demand_deposit,3697085152,credit_card_payment,IPGOGKMJWBTQOZISYIED,digital,MyBank,"{\"action\": {\"amt\": 224.75611409857106, \"currency_code\": \"TWD\"}}",mybank
customer_id,5,TWD_demand_deposit,3697085342,transfer,DMTWWFNNJRLMIIFCJCAI,digital,MMB,"{\"action\": {\"amt\": 408.1714634907216, \"currency_code\": \"TWD\"}}",mybank
customer_id,30,TWD_demand_deposit,3697085342,transfer,DMTWWFNNJRLMIIFCJCAI,digital,MMB,"{\"action\": {\"amt\": 408.1714634907216, \"currency_code\": \"TWD\"}}",mybank
customer_id,13,TWD_demand_deposit,3697086176,other_payment,GSYQUNCFVJKAQSMHVJKT,digital,MyBank,"{\"action\": {\"amt\": 1825.5059695966065, \"currency_code\": \"TWD\"}}",mybank
customer_id,38,TWD_demand_deposit,3697086176,other_payment,GSYQUNCFVJKAQSMHVJKT,digital,MyBank,"{\"action\": {\"amt\": 1825.5059695966065, \"currency_code\": \"TWD\"}}",mybank
customer_id,20,TWD_demand_deposit,3697087441,other_payment,RURVELNPBAQMLCCJGXOF,digital,MyBank,"{\"action\": {\"amt\": 585.0868973327745, \"currency_code\": \"USD\"}}",mybank
customer_id,45,TWD_demand_deposit,3697087441,other_payment,RURVELNPBAQMLCCJGXOF,digital,MyBank,"{\"action\": {\"amt\": 585.0868973327745, \"currency_code\": \"USD\"}}",mybank
customer_id,3,fund,3697089487,fixed_quota_purchase,JTNBWNOJFLCWSWQPGRWC,digital,MMB,"{\"action\": {\"amt\": 513.2418824959954, \"currency_code\": \"USD\"}}",mybank
customer_id,28,fund,3697089487,fixed_quota_purchase,JTNBWNOJFLCWSWQPGRWC,digital,MMB,"{\"action\": {\"amt\": 513.2418824959954, \"currency_code\": \"USD\"}}",mybank
customer_id,14,TWD_demand_deposit,3697095344,credit_card_payment,NLWSJAYFKLHOXWHDHOOB,digital,MMB,"{\"action\": {\"amt\": 1726.18558555502, \"currency_code\": \"USD\"}}",mybank
customer_id,39,TWD_demand_deposit,3697095344,credit_card_payment,NLWSJAYFKLHOXWHDHOOB,digital,MMB,"{\"action\": {\"amt\": 1726.18558555502, \"currency_code\": \"USD\"}}",mybank
customer_id,9,TWD_demand_deposit,3697101243,other_payment,SFJJAPAHCTXFCYEOQCQS,digital,MMB,"{\"action\": {\"amt\": 140.67226334976337, \"currency_code\": \"TWD\"}}",mybank
customer_id,34,TWD_demand_deposit,3697101243,other_payment,SFJJAPAHCTXFCYEOQCQS,digital,MMB,"{\"action\": {\"amt\": 140.67226334976337, \"currency_code\": \"TWD\"}}",mybank
customer_id,25,fund,3697103641,fixed_quota_purchase,OHJMFUMQYBIDLVIUYDWJ,digital,MMB,"{\"action\": {\"amt\": 660.555220604857, \"currency_code\": \"USD\"}}",mybank
customer_id,50,fund,3697103641,fixed_quota_purchase,OHJMFUMQYBIDLVIUYDWJ,digital,MMB,"{\"action\": {\"amt\": 660.555220604857, \"currency_code\": \"USD\"}}",mybank
customer_id,18,fund,3697110050,general_purchase,ZAYOGSMXWRTWUTXUCRLQ,digital,MyBank,"{\"action\": {\"amt\": 62.38033438981425, \"currency_code\": \"USD\"}}",mybank
customer_id,43,fund,3697110050,general_purchase,ZAYOGSMXWRTWUTXUCRLQ,digital,MyBank,"{\"action\": {\"amt\": 62.38033438981425, \"currency_code\": \"USD\"}}",mybank
customer_id,18,TWD_demand_deposit,3697116569,transfer,BGJBQLEGWPDGKYOIMDNA,digital,MMB,"{\"action\": {\"amt\": 84.70872143773565, \"currency_code\": \"TWD\"}}",mybank
customer_id,43,TWD_demand_deposit,3697116569,transfer,BGJBQLEGWPDGKYOIMDNA,digital,MMB,"{\"action\": {\"amt\": 84.70872143773565, \"currency_code\": \"TWD\"}}",mybank
customer_id,2,fund,3697128202,fixed_quota_purchase,XSTXWOYAMUAXDWLMKDYM,digital,MyBank,"{\"action\": {\"amt\": 980.323331227798, \"currency_code\": \"USD\"}}",mybank
customer_id,27,fund,3697128202,fixed_quota_purchase,XSTXWOYAMUAXDWLMKDYM,digital,MyBank,"{\"action\": {\"amt\": 980.323331227798, \"currency_code\": \"USD\"}}",mybank
customer_id,16,TWD_demand_deposit,3697129180,credit_card_payment,TXXDVZINFRZSPRRTHTZV,digital,MMB,"{\"action\": {\"amt\": 4169.475897070814, \"currency_code\": \"USD\"}}",mybank
customer_id,41,TWD_demand_deposit,3697129180,credit_card_payment,TXXDVZINFRZSPRRTHTZV,digital,MMB,"{\"action\": {\"amt\": 4169.475897070814, \"currency_code\": \"USD\"}}",mybank
customer_id,20,TWD_demand_deposit,3697131379,other_payment,EBSQYVWWZUUHLJVCFFUP,digital,MMB,"{\"action\": {\"amt\": 2494.280475451762, \"currency_code\": \"USD\"}}",mybank
customer_id,45,TWD_demand_deposit,3697131379,other_payment,EBSQYVWWZUUHLJVCFFUP,digital,MMB,"{\"action\": {\"amt\": 2494.280475451762, \"currency_code\": \"USD\"}}",mybank
customer_id,12,TWD_demand_deposit,3697132900,credit_card_payment,AZHHDPOCQZPQAIKZGIDD,digital,MyBank,"{\"action\": {\"amt\": 348.1258884748952, \"currency_code\": \"TWD\"}}",mybank
customer_id,37,TWD_demand_deposit,3697132900,credit_card_payment,AZHHDPOCQZPQAIKZGIDD,digital,MyBank,"{\"action\": {\"amt\": 348.1258884748952, \"currency_code\": \"TWD\"}}",mybank
customer_id,21,TWD_demand_deposit,3697148271,other_payment,YUHZCUMRULQPDVNTWOQI,digital,MMB,"{\"action\": {\"amt\": 931.9069950739844, \"currency_code\": \"TWD\"}}",mybank
customer_id,46,TWD_demand_deposit,3697148271,other_payment,YUHZCUMRULQPDVNTWOQI,digital,MMB,"{\"action\": {\"amt\": 931.9069950739844, \"currency_code\": \"TWD\"}}",mybank
customer_id,16,TWD_demand_deposit,3697161965,credit_card_payment,CQJAKLHLYIHJEDFUIURA,digital,MMB,"{\"action\": {\"amt\": 889.6495160956724, \"currency_code\": \"TWD\"}}",mybank
customer_id,41,TWD_demand_deposit,3697161965,credit_card_payment,CQJAKLHLYIHJEDFUIURA,digital,MMB,"{\"action\": {\"amt\": 889.6495160956724, \"currency_code\": \"TWD\"}}",mybank
customer_id,8,TWD_demand_deposit,3697165076,credit_card_payment,JCEKRCEXDFMTZBTLMAPR,digital,MyBank,"{\"action\": {\"amt\": 578.5794561043664, \"currency_code\": \"TWD\"}}",mybank
customer_id,33,TWD_demand_deposit,3697165076,credit_card_payment,JCEKRCEXDFMTZBTLMAPR,digital,MyBank,"{\"action\": {\"amt\": 578.5794561043664, \"currency_code\": \"TWD\"}}",mybank
customer_id,11,fund,3697184525,fixed_quota_purchase,GKAFWJQXUTUALKKTPLFH,digital,MMB,"{\"action\": {\"amt\": 628.8186247742232, \"currency_code\": \"TWD\"}}",mybank
customer_id,36,fund,3697184525,fixed_quota_purchase,GKAFWJQXUTUALKKTPLFH,digital,MMB,"{\"action\": {\"amt\": 628.8186247742232, \"currency_code\": \"TWD\"}}",mybank
customer_id,10,TWD_demand_deposit,3697187921,other_payment,YICUCEUJHIRRIGOAYLBR,digital,MMB,"{\"action\": {\"amt\": 451.9124124576459, \"currency_code\": \"TWD\"}}",mybank
customer_id,35,TWD_demand_deposit,3697187921,other_payment,YICUCEUJHIRRIGOAYLBR,digital,MMB,"{\"action\": {\"amt\": 451.9124124576459, \"currency_code\": \"TWD\"}}",mybank
customer_id,3,TWD_demand_deposit,3697193445,transfer,SGULKBVUVMEYXYYBYXAW,digital,MyBank,"{\"action\": {\"amt\": 318.18715422545625, \"currency_code\": \"USD\"}}",mybank
customer_id,28,TWD_demand_deposit,3697193445,transfer,SGULKBVUVMEYXYYBYXAW,digital,MyBank,"{\"action\": {\"amt\": 318.18715422545625, \"currency_code\": \"USD\"}}",mybank
customer_id,21,TWD_demand_deposit,3697203552,transfer,FEIGPOGAIEAEJXBHQFQC,digital,MMB,"{\"action\": {\"amt\": 844.2592731721209, \"currency_code\": \"USD\"}}",mybank
customer_id,46,TWD_demand_deposit,3697203552,transfer,FEIGPOGAIEAEJXBHQFQC,digital,MMB,"{\"action\": {\"amt\": 844.2592731721209, \"currency_code\": \"USD\"}}",mybank
customer_id,12,TWD_demand_deposit,3697204444,transfer,QZJCYOPLGKEGKSTOIQTD,digital,MMB,"{\"action\": {\"amt\": 721.646814482057, \"currency_code\": \"USD\"}}",mybank
customer_id,37,TWD_demand_deposit,3697204444,transfer,QZJCYOPLGKEGKSTOIQTD,digital,MMB,"{\"action\": {\"amt\": 721.646814482057, \"currency_code\": \"USD\"}}",mybank
customer_id,7,fund,3697212927,fixed_quota_purchase,WZCPFHCGJMYUEIJXFOPR,digital,MMB,"{\"action\": {\"amt\": 168.9005570571236, \"currency_code\": \"USD\"}}",mybank
customer_id,32,fund,3697212927,fixed_quota_purchase,WZCPFHCGJMYUEIJXFOPR,digital,MMB,"{\"action\": {\"amt\": 168.9005570571236, \"currency_code\": \"USD\"}}",mybank
customer_id,8,TWD_demand_deposit,3697220260,credit_card_payment,BIAGROZFBDFCJKIHNWEA,digital,MyBank,"{\"action\": {\"amt\": 1597.3414813073662, \"currency_code\": \"TWD\"}}",mybank
customer_id,33,TWD_demand_deposit,3697220260,credit_card_payment,BIAGROZFBDFCJKIHNWEA,digital,MyBank,"{\"action\": {\"amt\": 1597.3414813073662, \"currency_code\": \"TWD\"}}",mybank
customer_id,17,TWD_demand_deposit,3697232319,transfer,QCVTEXNUCTOJKSFXVJQG,digital,MyBank,"{\"action\": {\"amt\": 874.4950302946366, \"currency_code\": \"USD\"}}",mybank
customer_id,42,TWD_demand_deposit,3697232319,transfer,QCVTEXNUCTOJKSFXVJQG,digital,MyBank,"{\"action\": {\"amt\": 874.4950302946366, \"currency_code\": \"USD\"}}",mybank
customer_id,5,TWD_demand_deposit,3697233363,credit_card_payment,HSTVVYUNVMGZQZCRPANF,digital,MMB,"{\"action\": {\"amt\": 2888.232288115964, \"currency_code\": \"USD\"}}",mybank
customer_id,30,TWD_demand_deposit,3697233363,credit_card_payment,HSTVVYUNVMGZQZCRPANF,digital,MMB,"{\"action\": {\"amt\": 2888.232288115964, \"currency_code\": \"USD\"}}",mybank
customer_id,19,fund,3697241744,general_purchase,HEUHCMRYBPWQMPBLFUHN,digital,MyBank,"{\"action\": {\"amt\": 567.5096052356309, \"currency_code\": \"USD\"}}",mybank
customer_id,44,fund,3697241744,general_purchase,HEUHCMRYBPWQMPBLFUHN,digital,MyBank,"{\"action\": {\"amt\": 567.5096052356309, \"currency_code\": \"USD\"}}",mybank
customer_id,9,TWD_demand_deposit,3697244288,other_payment,LSQMPIZYCVZUPIXWMUMB,digital,MMB,"{\"action\": {\"amt\": 362.20671153377486, \"currency_code\": \"TWD\"}}",mybank
customer_id,34,TWD_demand_deposit,3697244288,other_payment,LSQMPIZYCVZUPIXWMUMB,digital,MMB,"{\"action\": {\"amt\": 362.20671153377486, \"currency_code\": \"TWD\"}}",mybank
customer_id,20,TWD_demand_deposit,3697245156,transfer,HEOVMVMXRAEBECESWBAH,digital,MMB,"{\"action\": {\"amt\": 522.7704236923144, \"currency_code\": \"USD\"}}",mybank
customer_id,45,TWD_demand_deposit,3697245156,transfer,HEOVMVMXRAEBECESWBAH,digital,MMB,"{\"action\": {\"amt\": 522.7704236923144, \"currency_code\": \"USD\"}}",mybank
customer_id,24,fund,3697246608,fixed_quota_purchase,JBQRUPQHJJYARXRRGPEQ,digital,MMB,"{\"action\": {\"amt\": 190.67268389428773, \"currency_code\": \"TWD\"}}",mybank
customer_id,49,fund,3697246608,fixed_quota_purchase,JBQRUPQHJJYARXRRGPEQ,digital,MMB,"{\"action\": {\"amt\": 190.67268389428773, \"currency_code\": \"TWD\"}}",mybank
customer_id,9,TWD_demand_deposit,3697248318,credit_card_payment,RVQNLGLPBLZVJBJGYUTL,digital,MMB,"{\"action\": {\"amt\": 479.74322423198794, \"currency_code\": \"USD\"}}",mybank
customer_id,34,TWD_demand_deposit,3697248318,credit_card_payment,RVQNLGLPBLZVJBJGYUTL,digital,MMB,"{\"action\": {\"amt\": 479.74322423198794, \"currency_code\": \"USD\"}}",mybank
customer_id,10,fund,3697250353,general_purchase,EHWENOESPWMSICCDZTDD,digital,MyBank,"{\"action\": {\"amt\": 88.64814490814034, \"currency_code\": \"TWD\"}}",mybank
customer_id,35,fund,3697250353,general_purchase,EHWENOESPWMSICCDZTDD,digital,MyBank,"{\"action\": {\"amt\": 88.64814490814034, \"currency_code\": \"TWD\"}}",mybank
customer_id,12,fund,3697255074,fixed_quota_purchase,WBQKTWZZYDXNKBBACFMM,digital,MMB,"{\"action\": {\"amt\": 1582.1470137932629, \"currency_code\": \"TWD\"}}",mybank
customer_id,37,fund,3697255074,fixed_quota_purchase,WBQKTWZZYDXNKBBACFMM,digital,MMB,"{\"action\": {\"amt\": 1582.1470137932629, \"currency_code\": \"TWD\"}}",mybank
customer_id,20,TWD_demand_deposit,3697256472,transfer,RPPALTOFJHYUVZGLKCBU,digital,MyBank,"{\"action\": {\"amt\": 1635.5519584898166, \"currency_code\": \"TWD\"}}",mybank
customer_id,45,TWD_demand_deposit,3697256472,transfer,RPPALTOFJHYUVZGLKCBU,digital,MyBank,"{\"action\": {\"amt\": 1635.5519584898166, \"currency_code\": \"TWD\"}}",mybank
customer_id,21,fund,3697259462,general_purchase,DXIZNUWYTNQDKHYLAUFZ,digital,MyBank,"{\"action\": {\"amt\": 861.0439531971351, \"currency_code\": \"USD\"}}",mybank
customer_id,46,fund,3697259462,general_purchase,DXIZNUWYTNQDKHYLAUFZ,digital,MyBank,"{\"action\": {\"amt\": 861.0439531971351, \"currency_code\": \"USD\"}}",mybank
customer_id,18,fund,3697261962,general_purchase,BOMDTVCNGRFSATXLBBGY,digital,MyBank,"{\"action\": {\"amt\": 4111.864678985238, \"currency_code\": \"TWD\"}}",mybank
customer_id,43,fund,3697261962,general_purchase,BOMDTVCNGRFSATXLBBGY,digital,MyBank,"{\"action\": {\"amt\": 4111.864678985238, \"currency_code\": \"TWD\"}}",mybank
customer_id,5,TWD_demand_deposit,3697262693,credit_card_payment,UTTHSBUCCLSINIEBTCMD,digital,MyBank,"{\"action\": {\"amt\": 27.00035599209142, \"currency_code\": \"TWD\"}}",mybank
customer_id,30,TWD_demand_deposit,3697262693,credit_card_payment,UTTHSBUCCLSINIEBTCMD,digital,MyBank,"{\"action\": {\"amt\": 27.00035599209142, \"currency_code\": \"TWD\"}}",mybank
customer_id,12,TWD_demand_deposit,3697280593,other_payment,NPYUYUBNPKZEYFFGOLDL,digital,MMB,"{\"action\": {\"amt\": 257.5467041912731, \"currency_code\": \"USD\"}}",mybank
customer_id,37,TWD_demand_deposit,3697280593,other_payment,NPYUYUBNPKZEYFFGOLDL,digital,MMB,"{\"action\": {\"amt\": 257.5467041912731, \"currency_code\": \"USD\"}}",mybank
customer_id,22,fund,3697281824,fixed_quota_purchase,NEXZSFICSEAIOQUOCIOB,digital,MMB,"{\"action\": {\"amt\": 1392.2052483534167, \"currency_code\": \"TWD\"}}",mybank
customer_id,47,fund,3697281824,fixed_quota_purchase,NEXZSFICSEAIOQUOCIOB,digital,MMB,"{\"action\": {\"amt\": 1392.2052483534167, \"currency_code\": \"TWD\"}}",mybank
customer_id,9,TWD_demand_deposit,3697284524,transfer,PVTJNBLXWLYKMPCANBPJ,digital,MMB,"{\"action\": {\"amt\": 266.29475181790104, \"currency_code\": \"TWD\"}}",mybank
customer_id,34,TWD_demand_deposit,3697284524,transfer,PVTJNBLXWLYKMPCANBPJ,digital,MMB,"{\"action\": {\"amt\": 266.29475181790104, \"currency_code\": \"TWD\"}}",mybank
customer_id,12,fund,3697292107,general_purchase,QEDMCQMGXTOXJTRZBNVL,digital,MyBank,"{\"action\": {\"amt\": 1037.148841883572, \"currency_code\": \"USD\"}}",mybank
customer_id,37,fund,3697292107,general_purchase,QEDMCQMGXTOXJTRZBNVL,digital,MyBank,"{\"action\": {\"amt\": 1037.148841883572, \"currency_code\": \"USD\"}}",mybank
customer_id,8,TWD_demand_deposit,3697294105,transfer,VTHVVRQXMFNESKQUQXCB,digital,MyBank,"{\"action\": {\"amt\": 2300.02280058051, \"currency_code\": \"TWD\"}}",mybank
customer_id,33,TWD_demand_deposit,3697294105,transfer,VTHVVRQXMFNESKQUQXCB,digital,MyBank,"{\"action\": {\"amt\": 2300.02280058051, \"currency_code\": \"TWD\"}}",mybank
customer_id,17,fund,3697299212,fixed_quota_purchase,HMEVYJGFNPSVIGOOZNSW,digital,MyBank,"{\"action\": {\"amt\": 2194.4829374462197, \"currency_code\": \"TWD\"}}",mybank
customer_id,42,fund,3697299212,fixed_quota_purchase,HMEVYJGFNPSVIGOOZNSW,digital,MyBank,"{\"action\": {\"amt\": 2194.4829374462197, \"currency_code\": \"TWD\"}}",mybank
customer_id,5,fund,3697299342,fixed_quota_purchase,FDYZSNVWNOBDKTCEAMHC,digital,MMB,"{\"action\": {\"amt\": 124.78163191189282, \"currency_code\": \"USD\"}}",mybank
customer_id,30,fund,3697299342,fixed_quota_purchase,FDYZSNVWNOBDKTCEAMHC,digital,MMB,"{\"action\": {\"amt\": 124.78163191189282, \"currency_code\": \"USD\"}}",mybank
customer_id,4,TWD_demand_deposit,3697306341,transfer,HBPLEWXVAUQWJMINWYQF,digital,MyBank,"{\"action\": {\"amt\": 17.048509205697336, \"currency_code\": \"USD\"}}",mybank
customer_id,29,TWD_demand_deposit,3697306341,transfer,HBPLEWXVAUQWJMINWYQF,digital,MyBank,"{\"action\": {\"amt\": 17.048509205697336, \"currency_code\": \"USD\"}}",mybank
customer_id,1,fund,3697321822,general_purchase,VRRMOXGEZHYZGYKOFARN,digital,MMB,"{\"action\": {\"amt\": 818.7320990860702, \"currency_code\": \"USD\"}}",mybank
customer_id,26,fund,3697321822,general_purchase,VRRMOXGEZHYZGYKOFARN,digital,MMB,"{\"action\": {\"amt\": 818.7320990860702, \"currency_code\": \"USD\"}}",mybank
customer_id,15,TWD_demand_deposit,3697328272,credit_card_payment,HSHRVNGSXIRJBFFEJHCK,digital,MMB,"{\"action\": {\"amt\": 324.54565874054373, \"currency_code\": \"USD\"}}",mybank
customer_id,40,TWD_demand_deposit,3697328272,credit_card_payment,HSHRVNGSXIRJBFFEJHCK,digital,MMB,"{\"action\": {\"amt\": 324.54565874054373, \"currency_code\": \"USD\"}}",mybank
customer_id,15,fund,3697337211,fixed_quota_purchase,IJTLLNYMSNFUFRZEYKJD,digital,MMB,"{\"action\": {\"amt\": 79.24160061729346, \"currency_code\": \"TWD\"}}",mybank
customer_id,40,fund,3697337211,fixed_quota_purchase,IJTLLNYMSNFUFRZEYKJD,digital,MMB,"{\"action\": {\"amt\": 79.24160061729346, \"currency_code\": \"TWD\"}}",mybank
customer_id,7,fund,3697340828,fixed_quota_purchase,EGMWWSSHJHMKBCRQRZVF,digital,MyBank,"{\"action\": {\"amt\": 545.1993945066566, \"currency_code\": \"TWD\"}}",mybank
customer_id,32,fund,3697340828,fixed_quota_purchase,EGMWWSSHJHMKBCRQRZVF,digital,MyBank,"{\"action\": {\"amt\": 545.1993945066566, \"currency_code\": \"TWD\"}}",mybank
customer_id,9,TWD_demand_deposit,3697345335,transfer,LCDEUPLGFHWWFHSXDLWF,digital,MyBank,"{\"action\": {\"amt\": 101.91540569826834, \"currency_code\": \"TWD\"}}",mybank
customer_id,34,TWD_demand_deposit,3697345335,transfer,LCDEUPLGFHWWFHSXDLWF,digital,MyBank,"{\"action\": {\"amt\": 101.91540569826834, \"currency_code\": \"TWD\"}}",mybank
customer_id,14,TWD_demand_deposit,3697345974,other_payment,ZEFQQSQCEPOBUUOYVTBQ,digital,MMB,"{\"action\": {\"amt\": 1995.6796729289554, \"currency_code\": \"TWD\"}}",mybank
customer_id,39,TWD_demand_deposit,3697345974,other_payment,ZEFQQSQCEPOBUUOYVTBQ,digital,MMB,"{\"action\": {\"amt\": 1995.6796729289554, \"currency_code\": \"TWD\"}}",mybank
customer_id,10,TWD_demand_deposit,3697346229,credit_card_payment,CNEBOPYTSYAOJLSRNHDK,digital,MMB,"{\"action\": {\"amt\": 849.0703170033896, \"currency_code\": \"TWD\"}}",mybank
customer_id,35,TWD_demand_deposit,3697346229,credit_card_payment,CNEBOPYTSYAOJLSRNHDK,digital,MMB,"{\"action\": {\"amt\": 849.0703170033896, \"currency_code\": \"TWD\"}}",mybank
customer_id,5,fund,3697351638,fixed_quota_purchase,CFXUMYTHVFMXWJEGWGQA,digital,MMB,"{\"action\": {\"amt\": 1399.4659713926706, \"currency_code\": \"USD\"}}",mybank
customer_id,30,fund,3697351638,fixed_quota_purchase,CFXUMYTHVFMXWJEGWGQA,digital,MMB,"{\"action\": {\"amt\": 1399.4659713926706, \"currency_code\": \"USD\"}}",mybank
customer_id,14,TWD_demand_deposit,3697356154,transfer,CLFUNDOWUUUCAVLWGLZG,digital,MMB,"{\"action\": {\"amt\": 548.4942876699298, \"currency_code\": \"TWD\"}}",mybank
customer_id,39,TWD_demand_deposit,3697356154,transfer,CLFUNDOWUUUCAVLWGLZG,digital,MMB,"{\"action\": {\"amt\": 548.4942876699298, \"currency_code\": \"TWD\"}}",mybank
customer_id,14,fund,3697359077,general_purchase,PWSMTLLTGUZWRNOPDQVJ,digital,MMB,"{\"action\": {\"amt\": 6.365949694721928, \"currency_code\": \"TWD\"}}",mybank
customer_id,39,fund,3697359077,general_purchase,PWSMTLLTGUZWRNOPDQVJ,digital,MMB,"{\"action\": {\"amt\": 6.365949694721928, \"currency_code\": \"TWD\"}}",mybank
customer_id,15,TWD_demand_deposit,3697360007,transfer,PFPSEPDSGNARZBOSBESS,digital,MMB,"{\"action\": {\"amt\": 637.6688454103756, \"currency_code\": \"TWD\"}}",mybank
customer_id,40,TWD_demand_deposit,3697360007,transfer,PFPSEPDSGNARZBOSBESS,digital,MMB,"{\"action\": {\"amt\": 637.6688454103756, \"currency_code\": \"TWD\"}}",mybank
customer_id,8,fund,3697360186,general_purchase,ICXFEAMSAHLWZHISGQFE,digital,MyBank,"{\"action\": {\"amt\": 24.287232812686028, \"currency_code\": \"TWD\"}}",mybank
customer_id,33,fund,3697360186,general_purchase,ICXFEAMSAHLWZHISGQFE,digital,MyBank,"{\"action\": {\"amt\": 24.287232812686028, \"currency_code\": \"TWD\"}}",mybank
customer_id,25,fund,3697375713,general_purchase,BIZALFVXHKGBZKJQIUVU,digital,MMB,"{\"action\": {\"amt\": 2638.6021776459047, \"currency_code\": \"USD\"}}",mybank
customer_id,50,fund,3697375713,general_purchase,BIZALFVXHKGBZKJQIUVU,digital,MMB,"{\"action\": {\"amt\": 2638.6021776459047, \"currency_code\": \"USD\"}}",mybank
customer_id,22,fund,3697380209,general_purchase,UPRYMFKOXYBDSBYUSULU,digital,MyBank,"{\"action\": {\"amt\": 152.4777190897895, \"currency_code\": \"USD\"}}",mybank
customer_id,47,fund,3697380209,general_purchase,UPRYMFKOXYBDSBYUSULU,digital,MyBank,"{\"action\": {\"amt\": 152.4777190897895, \"currency_code\": \"USD\"}}",mybank
customer_id,9,TWD_demand_deposit,3697380214,transfer,EIABLWDBNOBXBTBLMITH,digital,MMB,"{\"action\": {\"amt\": 21.38906776918082, \"currency_code\": \"TWD\"}}",mybank
customer_id,34,TWD_demand_deposit,3697380214,transfer,EIABLWDBNOBXBTBLMITH,digital,MMB,"{\"action\": {\"amt\": 21.38906776918082, \"currency_code\": \"TWD\"}}",mybank
customer_id,3,TWD_demand_deposit,3697383310,credit_card_payment,TAKRKMEQQLEPLGCPOXBD,digital,MMB,"{\"action\": {\"amt\": 2020.0453521403156, \"currency_code\": \"TWD\"}}",mybank
customer_id,28,TWD_demand_deposit,3697383310,credit_card_payment,TAKRKMEQQLEPLGCPOXBD,digital,MMB,"{\"action\": {\"amt\": 2020.0453521403156, \"currency_code\": \"TWD\"}}",mybank
customer_id,12,TWD_demand_deposit,3697384405,other_payment,FGCVFZITDJPDXIAAZPDV,digital,MMB,"{\"action\": {\"amt\": 957.9249256951737, \"currency_code\": \"TWD\"}}",mybank
customer_id,37,TWD_demand_deposit,3697384405,other_payment,FGCVFZITDJPDXIAAZPDV,digital,MMB,"{\"action\": {\"amt\": 957.9249256951737, \"currency_code\": \"TWD\"}}",mybank
customer_id,12,TWD_demand_deposit,3697402581,credit_card_payment,SHPJPYNGQIKAQEIDUSZT,digital,MMB,"{\"action\": {\"amt\": 2684.7473884993856, \"currency_code\": \"USD\"}}",mybank
customer_id,37,TWD_demand_deposit,3697402581,credit_card_payment,SHPJPYNGQIKAQEIDUSZT,digital,MMB,"{\"action\": {\"amt\": 2684.7473884993856, \"currency_code\": \"USD\"}}",mybank
customer_id,25,fund,3697406250,general_purchase,MDFEPPLDIOLQCKDWVEJC,digital,MMB,"{\"action\": {\"amt\": 634.4981740507692, \"currency_code\": \"TWD\"}}",mybank
customer_id,50,fund,3697406250,general_purchase,MDFEPPLDIOLQCKDWVEJC,digital,MMB,"{\"action\": {\"amt\": 634.4981740507692, \"currency_code\": \"TWD\"}}",mybank
customer_id,5,TWD_demand_deposit,3697416398,other_payment,LGYSSGAFMWMZGLTISPYR,digital,MMB,"{\"action\": {\"amt\": 499.1333396043975, \"currency_code\": \"USD\"}}",mybank
customer_id,30,TWD_demand_deposit,3697416398,other_payment,LGYSSGAFMWMZGLTISPYR,digital,MMB,"{\"action\": {\"amt\": 499.1333396043975, \"currency_code\": \"USD\"}}",mybank
customer_id,15,TWD_demand_deposit,3697423392,credit_card_payment,CQUNLXXMCZNAWIPGZOII,digital,MMB,"{\"action\": {\"amt\": 2349.5162116584734, \"currency_code\": \"TWD\"}}",mybank
customer_id,40,TWD_demand_deposit,3697423392,credit_card_payment,CQUNLXXMCZNAWIPGZOII,digital,MMB,"{\"action\": {\"amt\": 2349.5162116584734, \"currency_code\": \"TWD\"}}",mybank
customer_id,15,TWD_demand_deposit,3697423679,other_payment,TCPKMLGJMEGOUSRKVBIB,digital,MyBank,"{\"action\": {\"amt\": 920.9921304520728, \"currency_code\": \"USD\"}}",mybank
customer_id,40,TWD_demand_deposit,3697423679,other_payment,TCPKMLGJMEGOUSRKVBIB,digital,MyBank,"{\"action\": {\"amt\": 920.9921304520728, \"currency_code\": \"USD\"}}",mybank
customer_id,22,fund,3697425814,general_purchase,ANBLIIPUUNSZFLMBXNIM,digital,MMB,"{\"action\": {\"amt\": 696.407262470142, \"currency_code\": \"TWD\"}}",mybank
customer_id,47,fund,3697425814,general_purchase,ANBLIIPUUNSZFLMBXNIM,digital,MMB,"{\"action\": {\"amt\": 696.407262470142, \"currency_code\": \"TWD\"}}",mybank
customer_id,25,TWD_demand_deposit,3697435219,transfer,NZHIAQHIZPUMCGMWPCVY,digital,MyBank,"{\"action\": {\"amt\": 1108.5279482620538, \"currency_code\": \"USD\"}}",mybank
customer_id,50,TWD_demand_deposit,3697435219,transfer,NZHIAQHIZPUMCGMWPCVY,digital,MyBank,"{\"action\": {\"amt\": 1108.5279482620538, \"currency_code\": \"USD\"}}",mybank
customer_id,9,TWD_demand_deposit,3697436767,other_payment,LOEEGUAJAKCPTPRVOUJH,digital,MMB,"{\"action\": {\"amt\": 345.6865378460855, \"currency_code\": \"TWD\"}}",mybank
customer_id,34,TWD_demand_deposit,3697436767,other_payment,LOEEGUAJAKCPTPRVOUJH,digital,MMB,"{\"action\": {\"amt\": 345.6865378460855, \"currency_code\": \"TWD\"}}",mybank
customer_id,17,fund,3697439706,fixed_quota_purchase,EWBGGJQVANMBXFKWOSCQ,digital,MyBank,"{\"action\": {\"amt\": 821.0975199160189, \"currency_code\": \"USD\"}}",mybank
customer_id,42,fund,3697439706,fixed_quota_purchase,EWBGGJQVANMBXFKWOSCQ,digital,MyBank,"{\"action\": {\"amt\": 821.0975199160189, \"currency_code\": \"USD\"}}",mybank
customer_id,7,fund,3697444101,fixed_quota_purchase,BDWVCBVWXISQNRPAUCEZ,digital,MyBank,"{\"action\": {\"amt\": 2144.495438487891, \"currency_code\": \"USD\"}}",mybank
customer_id,32,fund,3697444101,fixed_quota_purchase,BDWVCBVWXISQNRPAUCEZ,digital,MyBank,"{\"action\": {\"amt\": 2144.495438487891, \"currency_code\": \"USD\"}}",mybank
customer_id,19,TWD_demand_deposit,3697446983,credit_card_payment,YHCTXWVNXKQBBTRTNQNW,digital,MyBank,"{\"action\": {\"amt\": 1134.4431839254344, \"currency_code\": \"USD\"}}",mybank
customer_id,44,TWD_demand_deposit,3697446983,credit_card_payment,YHCTXWVNXKQBBTRTNQNW,digital,MyBank,"{\"action\": {\"amt\": 1134.4431839254344, \"currency_code\": \"USD\"}}",mybank
customer_id,3,fund,3697455228,fixed_quota_purchase,KVPYFLNSGHJLGVEFHPUO,digital,MyBank,"{\"action\": {\"amt\": 1953.856369496488, \"currency_code\": \"TWD\"}}",mybank
customer_id,28,fund,3697455228,fixed_quota_purchase,KVPYFLNSGHJLGVEFHPUO,digital,MyBank,"{\"action\": {\"amt\": 1953.856369496488, \"currency_code\": \"TWD\"}}",mybank
customer_id,15,TWD_demand_deposit,3697456213,transfer,VDUQHFQSWSSMZQDRQHUG,digital,MyBank,"{\"action\": {\"amt\": 719.9528505099212, \"currency_code\": \"USD\"}}",mybank
customer_id,40,TWD_demand_deposit,3697456213,transfer,VDUQHFQSWSSMZQDRQHUG,digital,MyBank,"{\"action\": {\"amt\": 719.9528505099212, \"currency_code\": \"USD\"}}",mybank
customer_id,16,fund,3697460231,fixed_quota_purchase,NQZMKWPRMDOURTFEBDIA,digital,MMB,"{\"action\": {\"amt\": 572.2555742152754, \"currency_code\": \"TWD\"}}",mybank
customer_id,41,fund,3697460231,fixed_quota_purchase,NQZMKWPRMDOURTFEBDIA,digital,MMB,"{\"action\": {\"amt\": 572.2555742152754, \"currency_code\": \"TWD\"}}",mybank
customer_id,9,fund,3697471506,general_purchase,SVPASTNDFOSDLKOGOQBU,digital,MMB,"{\"action\": {\"amt\": 661.6843107731548, \"currency_code\": \"USD\"}}",mybank
customer_id,34,fund,3697471506,general_purchase,SVPASTNDFOSDLKOGOQBU,digital,MMB,"{\"action\": {\"amt\": 661.6843107731548, \"currency_code\": \"USD\"}}",mybank
customer_id,12,TWD_demand_deposit,3697484932,other_payment,COECJMEDNCSEVXSYFKWZ,digital,MMB,"{\"action\": {\"amt\": 338.20660247238476, \"currency_code\": \"USD\"}}",mybank
customer_id,37,TWD_demand_deposit,3697484932,other_payment,COECJMEDNCSEVXSYFKWZ,digital,MMB,"{\"action\": {\"amt\": 338.20660247238476, \"currency_code\": \"USD\"}}",mybank
customer_id,7,TWD_demand_deposit,3697485894,other_payment,FXKTDGNBXSPGDIKXXLLA,digital,MMB,"{\"action\": {\"amt\": 2281.376605378173, \"currency_code\": \"TWD\"}}",mybank
customer_id,32,TWD_demand_deposit,3697485894,other_payment,FXKTDGNBXSPGDIKXXLLA,digital,MMB,"{\"action\": {\"amt\": 2281.376605378173, \"currency_code\": \"TWD\"}}",mybank
customer_id,12,TWD_demand_deposit,3697494087,credit_card_payment,HXEPRQNEQHQKWWJYESVM,digital,MyBank,"{\"action\": {\"amt\": 220.64016440048215, \"currency_code\": \"TWD\"}}",mybank
customer_id,37,TWD_demand_deposit,3697494087,credit_card_payment,HXEPRQNEQHQKWWJYESVM,digital,MyBank,"{\"action\": {\"amt\": 220.64016440048215, \"currency_code\": \"TWD\"}}",mybank
customer_id,2,TWD_demand_deposit,3697498074,transfer,AWIILMKMJSNTJEIGEADT,digital,MMB,"{\"action\": {\"amt\": 156.32551578802935, \"currency_code\": \"TWD\"}}",mybank
customer_id,27,TWD_demand_deposit,3697498074,transfer,AWIILMKMJSNTJEIGEADT,digital,MMB,"{\"action\": {\"amt\": 156.32551578802935, \"currency_code\": \"TWD\"}}",mybank
customer_id,12,fund,3697499795,fixed_quota_purchase,QHSBEXVUNSQSHZTDCCCT,digital,MyBank,"{\"action\": {\"amt\": 559.6253782728036, \"currency_code\": \"TWD\"}}",mybank
customer_id,37,fund,3697499795,fixed_quota_purchase,QHSBEXVUNSQSHZTDCCCT,digital,MyBank,"{\"action\": {\"amt\": 559.6253782728036, \"currency_code\": \"TWD\"}}",mybank
customer_id,25,TWD_demand_deposit,3697507198,other_payment,FUHDYQESFDMPNTJRTBTQ,digital,MyBank,"{\"action\": {\"amt\": 1064.2476116850082, \"currency_code\": \"USD\"}}",mybank
customer_id,50,TWD_demand_deposit,3697507198,other_payment,FUHDYQESFDMPNTJRTBTQ,digital,MyBank,"{\"action\": {\"amt\": 1064.2476116850082, \"currency_code\": \"USD\"}}",mybank
customer_id,14,TWD_demand_deposit,3697513684,credit_card_payment,ENDHHSYYVPPILAHMOFIS,digital,MyBank,"{\"action\": {\"amt\": 2536.376299668876, \"currency_code\": \"TWD\"}}",mybank
customer_id,39,TWD_demand_deposit,3697513684,credit_card_payment,ENDHHSYYVPPILAHMOFIS,digital,MyBank,"{\"action\": {\"amt\": 2536.376299668876, \"currency_code\": \"TWD\"}}",mybank
customer_id,24,fund,3697522352,fixed_quota_purchase,DXMONBXDNTKZXBQSEDOL,digital,MyBank,"{\"action\": {\"amt\": 949.5265102084265, \"currency_code\": \"USD\"}}",mybank
customer_id,49,fund,3697522352,fixed_quota_purchase,DXMONBXDNTKZXBQSEDOL,digital,MyBank,"{\"action\": {\"amt\": 949.5265102084265, \"currency_code\": \"USD\"}}",mybank
customer_id,20,TWD_demand_deposit,3697532779,credit_card_payment,LSMUKIXWEIQNUKHQHWME,digital,MMB,"{\"action\": {\"amt\": 16.4573448880777, \"currency_code\": \"TWD\"}}",mybank
customer_id,45,TWD_demand_deposit,3697532779,credit_card_payment,LSMUKIXWEIQNUKHQHWME,digital,MMB,"{\"action\": {\"amt\": 16.4573448880777, \"currency_code\": \"TWD\"}}",mybank
customer_id,12,fund,3697534777,general_purchase,GMLVAJFHGJXIUQICFCYW,digital,MyBank,"{\"action\": {\"amt\": 921.8313046087889, \"currency_code\": \"USD\"}}",mybank
customer_id,37,fund,3697534777,general_purchase,GMLVAJFHGJXIUQICFCYW,digital,MyBank,"{\"action\": {\"amt\": 921.8313046087889, \"currency_code\": \"USD\"}}",mybank
customer_id,15,fund,3697540859,general_purchase,WAICCUTVXIJEAWNSLBJY,digital,MyBank,"{\"action\": {\"amt\": 2774.000353740044, \"currency_code\": \"TWD\"}}",mybank
customer_id,40,fund,3697540859,general_purchase,WAICCUTVXIJEAWNSLBJY,digital,MyBank,"{\"action\": {\"amt\": 2774.000353740044, \"currency_code\": \"TWD\"}}",mybank
customer_id,1,fund,3697559988,general_purchase,RYLDQXMPSABSUUCOLOMQ,digital,MyBank,"{\"action\": {\"amt\": 1363.2998877496032, \"currency_code\": \"USD\"}}",mybank
customer_id,26,fund,3697559988,general_purchase,RYLDQXMPSABSUUCOLOMQ,digital,MyBank,"{\"action\": {\"amt\": 1363.2998877496032, \"currency_code\": \"USD\"}}",mybank
customer_id,14,fund,3697563858,fixed_quota_purchase,CQJVMQTFQAHNOAKLJLOO,digital,MMB,"{\"action\": {\"amt\": 4754.848488723112, \"currency_code\": \"TWD\"}}",mybank
customer_id,39,fund,3697563858,fixed_quota_purchase,CQJVMQTFQAHNOAKLJLOO,digital,MMB,"{\"action\": {\"amt\": 4754.848488723112, \"currency_code\": \"TWD\"}}",mybank
customer_id,1,TWD_demand_deposit,3697569369,other_payment,LDOFONSPKPVGWXVQTUDX,digital,MyBank,"{\"action\": {\"amt\": 1986.71408029695, \"currency_code\": \"USD\"}}",mybank
customer_id,26,TWD_demand_deposit,3697569369,other_payment,LDOFONSPKPVGWXVQTUDX,digital,MyBank,"{\"action\": {\"amt\": 1986.71408029695, \"currency_code\": \"USD\"}}",mybank
customer_id,19,TWD_demand_deposit,3697577507,credit_card_payment,DGCJWFGOHSXZFVJDBUJP,digital,MMB,"{\"action\": {\"amt\": 914.9747686248289, \"currency_code\": \"USD\"}}",mybank
customer_id,44,TWD_demand_deposit,3697577507,credit_card_payment,DGCJWFGOHSXZFVJDBUJP,digital,MMB,"{\"action\": {\"amt\": 914.9747686248289, \"currency_code\": \"USD\"}}",mybank
customer_id,18,fund,3697577904,fixed_quota_purchase,ABKXUBECPSRIXLRPHAZC,digital,MMB,"{\"action\": {\"amt\": 597.2641928425116, \"currency_code\": \"TWD\"}}",mybank
customer_id,43,fund,3697577904,fixed_quota_purchase,ABKXUBECPSRIXLRPHAZC,digital,MMB,"{\"action\": {\"amt\": 597.2641928425116, \"currency_code\": \"TWD\"}}",mybank
customer_id,7,fund,3697580464,general_purchase,RHSHZHDWWVLVHQPZGJDJ,digital,MyBank,"{\"action\": {\"amt\": 779.5668441328907, \"currency_code\": \"USD\"}}",mybank
customer_id,32,fund,3697580464,general_purchase,RHSHZHDWWVLVHQPZGJDJ,digital,MyBank,"{\"action\": {\"amt\": 779.5668441328907, \"currency_code\": \"USD\"}}",mybank
customer_id,21,TWD_demand_deposit,3697589663,transfer,XXODZIKBVVTUAJWMGQZK,digital,MyBank,"{\"action\": {\"amt\": 5468.139951832413, \"currency_code\": \"USD\"}}",mybank
customer_id,46,TWD_demand_deposit,3697589663,transfer,XXODZIKBVVTUAJWMGQZK,digital,MyBank,"{\"action\": {\"amt\": 5468.139951832413, \"currency_code\": \"USD\"}}",mybank
customer_id,2,TWD_demand_deposit,3697590827,other_payment,ZROZMCJWPFFJASYHYUHG,digital,MyBank,"{\"action\": {\"amt\": 31.298425380757646, \"currency_code\": \"USD\"}}",mybank
customer_id,27,TWD_demand_deposit,3697590827,other_payment,ZROZMCJWPFFJASYHYUHG,digital,MyBank,"{\"action\": {\"amt\": 31.298425380757646, \"currency_code\": \"USD\"}}",mybank
customer_id,18,fund,3697592017,fixed_quota_purchase,JPQMAPQWVEKRMOEILLPB,digital,MyBank,"{\"action\": {\"amt\": 118.2295036202201, \"currency_code\": \"USD\"}}",mybank
customer_id,43,fund,3697592017,fixed_quota_purchase,JPQMAPQWVEKRMOEILLPB,digital,MyBank,"{\"action\": {\"amt\": 118.2295036202201, \"currency_code\": \"USD\"}}",mybank
customer_id,9,fund,3697592331,general_purchase,SPWGLATYHPKITPOYSDOF,digital,MMB,"{\"action\": {\"amt\": 868.4251536091455, \"currency_code\": \"USD\"}}",mybank
customer_id,34,fund,3697592331,general_purchase,SPWGLATYHPKITPOYSDOF,digital,MMB,"{\"action\": {\"amt\": 868.4251536091455, \"currency_code\": \"USD\"}}",mybank
customer_id,9,TWD_demand_deposit,3697594333,credit_card_payment,EPUMUYJDPBDSNHSYHXEM,digital,MMB,"{\"action\": {\"amt\": 178.3141828366992, \"currency_code\": \"USD\"}}",mybank
customer_id,34,TWD_demand_deposit,3697594333,credit_card_payment,EPUMUYJDPBDSNHSYHXEM,digital,MMB,"{\"action\": {\"amt\": 178.3141828366992, \"currency_code\": \"USD\"}}",mybank
customer_id,20,TWD_demand_deposit,3697596222,credit_card_payment,HUYXJOTAGDRBUWYVVOMN,digital,MMB,"{\"action\": {\"amt\": 104.58614683000242, \"currency_code\": \"USD\"}}",mybank
customer_id,45,TWD_demand_deposit,3697596222,credit_card_payment,HUYXJOTAGDRBUWYVVOMN,digital,MMB,"{\"action\": {\"amt\": 104.58614683000242, \"currency_code\": \"USD\"}}",mybank
customer_id,22,fund,3697597545,general_purchase,CCEWPEEBJKYIKWFWULGP,digital,MyBank,"{\"action\": {\"amt\": 2931.5602595307946, \"currency_code\": \"TWD\"}}",mybank
customer_id,47,fund,3697597545,general_purchase,CCEWPEEBJKYIKWFWULGP,digital,MyBank,"{\"action\": {\"amt\": 2931.5602595307946, \"currency_code\": \"TWD\"}}",mybank
customer_id,18,fund,3697599613,general_purchase,ZRWSKMRHZNYIDYVBEGVH,digital,MyBank,"{\"action\": {\"amt\": 2989.0601426871654, \"currency_code\": \"USD\"}}",mybank
customer_id,43,fund,3697599613,general_purchase,ZRWSKMRHZNYIDYVBEGVH,digital,MyBank,"{\"action\": {\"amt\": 2989.0601426871654, \"currency_code\": \"USD\"}}",mybank
customer_id,22,TWD_demand_deposit,3697608734,other_payment,GULIAFEBRFVUISBAAUYB,digital,MMB,"{\"action\": {\"amt\": 106.8161792641523, \"currency_code\": \"TWD\"}}",mybank
customer_id,47,TWD_demand_deposit,3697608734,other_payment,GULIAFEBRFVUISBAAUYB,digital,MMB,"{\"action\": {\"amt\": 106.8161792641523, \"currency_code\": \"TWD\"}}",mybank
customer_id,14,fund,3697612162,fixed_quota_purchase,KBSTMHMDJKEJYVHKYZYG,digital,MyBank,"{\"action\": {\"amt\": 28.07360378765858, \"currency_code\": \"USD\"}}",mybank
customer_id,39,fund,3697612162,fixed_quota_purchase,KBSTMHMDJKEJYVHKYZYG,digital,MyBank,"{\"action\": {\"amt\": 28.07360378765858, \"currency_code\": \"USD\"}}",mybank
customer_id,8,TWD_demand_deposit,3697615005,other_payment,BVGHPFXDPYZMFESJGBJE,digital,MMB,"{\"action\": {\"amt\": 335.78204856235857, \"currency_code\": \"USD\"}}",mybank
customer_id,33,TWD_demand_deposit,3697615005,other_payment,BVGHPFXDPYZMFESJGBJE,digital,MMB,"{\"action\": {\"amt\": 335.78204856235857, \"currency_code\": \"USD\"}}",mybank
customer_id,22,TWD_demand_deposit,3697616103,other_payment,NHVKROCITNALNIRJSHTG,digital,MMB,"{\"action\": {\"amt\": 547.9372697677334, \"currency_code\": \"TWD\"}}",mybank
customer_id,47,TWD_demand_deposit,3697616103,other_payment,NHVKROCITNALNIRJSHTG,digital,MMB,"{\"action\": {\"amt\": 547.9372697677334, \"currency_code\": \"TWD\"}}",mybank
customer_id,8,TWD_demand_deposit,3697616340,credit_card_payment,YXOAUYPZDKFKFATQFUHK,digital,MyBank,"{\"action\": {\"amt\": 118.61358709893659, \"currency_code\": \"USD\"}}",mybank
customer_id,33,TWD_demand_deposit,3697616340,credit_card_payment,YXOAUYPZDKFKFATQFUHK,digital,MyBank,"{\"action\": {\"amt\": 118.61358709893659, \"currency_code\": \"USD\"}}",mybank
customer_id,19,TWD_demand_deposit,3697633725,transfer,DPXWIPSHSBIOMGHHEPAU,digital,MMB,"{\"action\": {\"amt\": 269.38741205889363, \"currency_code\": \"USD\"}}",mybank
customer_id,44,TWD_demand_deposit,3697633725,transfer,DPXWIPSHSBIOMGHHEPAU,digital,MMB,"{\"action\": {\"amt\": 269.38741205889363, \"currency_code\": \"USD\"}}",mybank
customer_id,3,fund,3697636318,fixed_quota_purchase,QYRIVKPGZOVRIHZILPZK,digital,MyBank,"{\"action\": {\"amt\": 1038.3850304980683, \"currency_code\": \"USD\"}}",mybank
customer_id,28,fund,3697636318,fixed_quota_purchase,QYRIVKPGZOVRIHZILPZK,digital,MyBank,"{\"action\": {\"amt\": 1038.3850304980683, \"currency_code\": \"USD\"}}",mybank
customer_id,8,fund,3697640942,fixed_quota_purchase,MEDPUBACQZNMGANDMRPC,digital,MyBank,"{\"action\": {\"amt\": 2102.3308286516735, \"currency_code\": \"USD\"}}",mybank
customer_id,33,fund,3697640942,fixed_quota_purchase,MEDPUBACQZNMGANDMRPC,digital,MyBank,"{\"action\": {\"amt\": 2102.3308286516735, \"currency_code\": \"USD\"}}",mybank
customer_id,22,TWD_demand_deposit,3697647149,other_payment,CMXYOSNWAHJFNYBKVARS,digital,MyBank,"{\"action\": {\"amt\": 2466.8373184933603, \"currency_code\": \"TWD\"}}",mybank
customer_id,47,TWD_demand_deposit,3697647149,other_payment,CMXYOSNWAHJFNYBKVARS,digital,MyBank,"{\"action\": {\"amt\": 2466.8373184933603, \"currency_code\": \"TWD\"}}",mybank
customer_id,20,fund,3697650762,fixed_quota_purchase,HBXLOFMGYODGJVCFBBWV,digital,MMB,"{\"action\": {\"amt\": 1656.736466419919, \"currency_code\": \"USD\"}}",mybank
customer_id,45,fund,3697650762,fixed_quota_purchase,HBXLOFMGYODGJVCFBBWV,digital,MMB,"{\"action\": {\"amt\": 1656.736466419919, \"currency_code\": \"USD\"}}",mybank
customer_id,6,TWD_demand_deposit,3697652286,credit_card_payment,ZVOBXKBITZMPVKASLTNJ,digital,MMB,"{\"action\": {\"amt\": 897.9972665057909, \"currency_code\": \"TWD\"}}",mybank
customer_id,31,TWD_demand_deposit,3697652286,credit_card_payment,ZVOBXKBITZMPVKASLTNJ,digital,MMB,"{\"action\": {\"amt\": 897.9972665057909, \"currency_code\": \"TWD\"}}",mybank
customer_id,19,TWD_demand_deposit,3697656645,credit_card_payment,JXCPGPILHIXRGNQSFHBR,digital,MyBank,"{\"action\": {\"amt\": 100.24257736961574, \"currency_code\": \"USD\"}}",mybank
customer_id,44,TWD_demand_deposit,3697656645,credit_card_payment,JXCPGPILHIXRGNQSFHBR,digital,MyBank,"{\"action\": {\"amt\": 100.24257736961574, \"currency_code\": \"USD\"}}",mybank
customer_id,22,fund,3697658962,general_purchase,HOVFCNHXZJJAARFHOVCF,digital,MyBank,"{\"action\": {\"amt\": 360.62742503572923, \"currency_code\": \"USD\"}}",mybank
customer_id,47,fund,3697658962,general_purchase,HOVFCNHXZJJAARFHOVCF,digital,MyBank,"{\"action\": {\"amt\": 360.62742503572923, \"currency_code\": \"USD\"}}",mybank
customer_id,8,TWD_demand_deposit,3697660980,other_payment,BSNGXKDLBGMDGYZZLFIH,digital,MyBank,"{\"action\": {\"amt\": 537.9846821906705, \"currency_code\": \"TWD\"}}",mybank
customer_id,33,TWD_demand_deposit,3697660980,other_payment,BSNGXKDLBGMDGYZZLFIH,digital,MyBank,"{\"action\": {\"amt\": 537.9846821906705, \"currency_code\": \"TWD\"}}",mybank
customer_id,21,TWD_demand_deposit,3697670999,other_payment,VWUVJCPXREFZOGLTITGY,digital,MyBank,"{\"action\": {\"amt\": 146.87757266627636, \"currency_code\": \"USD\"}}",mybank
customer_id,46,TWD_demand_deposit,3697670999,other_payment,VWUVJCPXREFZOGLTITGY,digital,MyBank,"{\"action\": {\"amt\": 146.87757266627636, \"currency_code\": \"USD\"}}",mybank
customer_id,24,TWD_demand_deposit,3697672459,other_payment,EADZXAMIZRIKEKYSWDQY,digital,MMB,"{\"action\": {\"amt\": 1071.8633674349317, \"currency_code\": \"TWD\"}}",mybank
customer_id,49,TWD_demand_deposit,3697672459,other_payment,EADZXAMIZRIKEKYSWDQY,digital,MMB,"{\"action\": {\"amt\": 1071.8633674349317, \"currency_code\": \"TWD\"}}",mybank
customer_id,14,TWD_demand_deposit,3697672761,transfer,JLDWBQPYMQNBOIBDKWQZ,digital,MyBank,"{\"action\": {\"amt\": 323.7179849034067, \"currency_code\": \"TWD\"}}",mybank
customer_id,39,TWD_demand_deposit,3697672761,transfer,JLDWBQPYMQNBOIBDKWQZ,digital,MyBank,"{\"action\": {\"amt\": 323.7179849034067, \"currency_code\": \"TWD\"}}",mybank
customer_id,14,fund,3697685840,general_purchase,ZBEXVRFSOZCQIKWPHLAE,digital,MyBank,"{\"action\": {\"amt\": 263.8546804977189, \"currency_code\": \"USD\"}}",mybank
customer_id,39,fund,3697685840,general_purchase,ZBEXVRFSOZCQIKWPHLAE,digital,MyBank,"{\"action\": {\"amt\": 263.8546804977189, \"currency_code\": \"USD\"}}",mybank
customer_id,15,TWD_demand_deposit,3697686035,transfer,NOTOLBJDKBSOGIXVQTVY,digital,MyBank,"{\"action\": {\"amt\": 1372.9713137421506, \"currency_code\": \"USD\"}}",mybank
customer_id,40,TWD_demand_deposit,3697686035,transfer,NOTOLBJDKBSOGIXVQTVY,digital,MyBank,"{\"action\": {\"amt\": 1372.9713137421506, \"currency_code\": \"USD\"}}",mybank
customer_id,4,fund,3697694141,fixed_quota_purchase,XSHEKAYFHETAAKNRZELA,digital,MyBank,"{\"action\": {\"amt\": 1223.5528954536383, \"currency_code\": \"TWD\"}}",mybank
customer_id,29,fund,3697694141,fixed_quota_purchase,XSHEKAYFHETAAKNRZELA,digital,MyBank,"{\"action\": {\"amt\": 1223.5528954536383, \"currency_code\": \"TWD\"}}",mybank
customer_id,19,TWD_demand_deposit,3697694764,credit_card_payment,JIEJBRXKKPRMZNUMKHWD,digital,MMB,"{\"action\": {\"amt\": 1127.9085228463373, \"currency_code\": \"USD\"}}",mybank
customer_id,44,TWD_demand_deposit,3697694764,credit_card_payment,JIEJBRXKKPRMZNUMKHWD,digital,MMB,"{\"action\": {\"amt\": 1127.9085228463373, \"currency_code\": \"USD\"}}",mybank
customer_id,10,fund,3697694853,general_purchase,OLDHKBZGMYACGRKOKAVL,digital,MyBank,"{\"action\": {\"amt\": 541.040156829385, \"currency_code\": \"USD\"}}",mybank
customer_id,35,fund,3697694853,general_purchase,OLDHKBZGMYACGRKOKAVL,digital,MyBank,"{\"action\": {\"amt\": 541.040156829385, \"currency_code\": \"USD\"}}",mybank
customer_id,12,TWD_demand_deposit,3697699733,transfer,XCEECUHJADAQXWETVXTM,digital,MyBank,"{\"action\": {\"amt\": 4430.703168425865, \"currency_code\": \"USD\"}}",mybank
customer_id,37,TWD_demand_deposit,3697699733,transfer,XCEECUHJADAQXWETVXTM,digital,MyBank,"{\"action\": {\"amt\": 4430.703168425865, \"currency_code\": \"USD\"}}",mybank
customer_id,10,fund,3697703118,general_purchase,JMMKXWTKXBAJELDQCDLC,digital,MMB,"{\"action\": {\"amt\": 217.45495914528564, \"currency_code\": \"TWD\"}}",mybank
customer_id,35,fund,3697703118,general_purchase,JMMKXWTKXBAJELDQCDLC,digital,MMB,"{\"action\": {\"amt\": 217.45495914528564, \"currency_code\": \"TWD\"}}",mybank
customer_id,7,fund,3697703635,general_purchase,PXVHCYYNVAQDLNMGBKTI,digital,MMB,"{\"action\": {\"amt\": 3413.534316162448, \"currency_code\": \"TWD\"}}",mybank
customer_id,32,fund,3697703635,general_purchase,PXVHCYYNVAQDLNMGBKTI,digital,MMB,"{\"action\": {\"amt\": 3413.534316162448, \"currency_code\": \"TWD\"}}",mybank
customer_id,20,TWD_demand_deposit,3697703679,transfer,HDOTSABSGNGKTTYJJEVT,digital,MyBank,"{\"action\": {\"amt\": 486.2462597673793, \"currency_code\": \"USD\"}}",mybank
customer_id,45,TWD_demand_deposit,3697703679,transfer,HDOTSABSGNGKTTYJJEVT,digital,MyBank,"{\"action\": {\"amt\": 486.2462597673793, \"currency_code\": \"USD\"}}",mybank
customer_id,15,fund,3697706308,general_purchase,PKKROWCMEJTQOUVOEBSP,digital,MyBank,"{\"action\": {\"amt\": 1378.6257265638635, \"currency_code\": \"TWD\"}}",mybank
customer_id,40,fund,3697706308,general_purchase,PKKROWCMEJTQOUVOEBSP,digital,MyBank,"{\"action\": {\"amt\": 1378.6257265638635, \"currency_code\": \"TWD\"}}",mybank
customer_id,15,fund,3697710613,general_purchase,FBDPQQIXFNVKQMMKBJQF,digital,MyBank,"{\"action\": {\"amt\": 44.12949935932502, \"currency_code\": \"TWD\"}}",mybank
customer_id,40,fund,3697710613,general_purchase,FBDPQQIXFNVKQMMKBJQF,digital,MyBank,"{\"action\": {\"amt\": 44.12949935932502, \"currency_code\": \"TWD\"}}",mybank
customer_id,10,TWD_demand_deposit,3697711597,other_payment,JISEJRLZTCCUTLMZONSV,digital,MMB,"{\"action\": {\"amt\": 1716.2109333714052, \"currency_code\": \"USD\"}}",mybank
customer_id,35,TWD_demand_deposit,3697711597,other_payment,JISEJRLZTCCUTLMZONSV,digital,MMB,"{\"action\": {\"amt\": 1716.2109333714052, \"currency_code\": \"USD\"}}",mybank
customer_id,14,TWD_demand_deposit,3697711734,transfer,LCMOQTMHTMTBTZZJDYEE,digital,MyBank,"{\"action\": {\"amt\": 471.8295814776242, \"currency_code\": \"USD\"}}",mybank
customer_id,39,TWD_demand_deposit,3697711734,transfer,LCMOQTMHTMTBTZZJDYEE,digital,MyBank,"{\"action\": {\"amt\": 471.8295814776242, \"currency_code\": \"USD\"}}",mybank
customer_id,12,fund,3697713993,general_purchase,WHZIKRFITFCCNKDHOFKP,digital,MyBank,"{\"action\": {\"amt\": 161.6975975444227, \"currency_code\": \"USD\"}}",mybank
customer_id,37,fund,3697713993,general_purchase,WHZIKRFITFCCNKDHOFKP,digital,MyBank,"{\"action\": {\"amt\": 161.6975975444227, \"currency_code\": \"USD\"}}",mybank
customer_id,15,fund,3697717393,fixed_quota_purchase,SDPBGVSZIQCTPTHMZMBK,digital,MyBank,"{\"action\": {\"amt\": 304.4360294608535, \"currency_code\": \"TWD\"}}",mybank
customer_id,40,fund,3697717393,fixed_quota_purchase,SDPBGVSZIQCTPTHMZMBK,digital,MyBank,"{\"action\": {\"amt\": 304.4360294608535, \"currency_code\": \"TWD\"}}",mybank
customer_id,24,TWD_demand_deposit,3697732350,transfer,FXRSBCKYXVXTIVAWRVLY,digital,MyBank,"{\"action\": {\"amt\": 1796.3655185395585, \"currency_code\": \"USD\"}}",mybank
customer_id,49,TWD_demand_deposit,3697732350,transfer,FXRSBCKYXVXTIVAWRVLY,digital,MyBank,"{\"action\": {\"amt\": 1796.3655185395585, \"currency_code\": \"USD\"}}",mybank
customer_id,3,fund,3697744253,fixed_quota_purchase,GGKQBDSZTFTBWQFZQTMQ,digital,MyBank,"{\"action\": {\"amt\": 906.8505341802219, \"currency_code\": \"TWD\"}}",mybank
customer_id,28,fund,3697744253,fixed_quota_purchase,GGKQBDSZTFTBWQFZQTMQ,digital,MyBank,"{\"action\": {\"amt\": 906.8505341802219, \"currency_code\": \"TWD\"}}",mybank
customer_id,7,TWD_demand_deposit,3697749084,credit_card_payment,QRYFVOEDSSRYMEEHJTGS,digital,MMB,"{\"action\": {\"amt\": 13.500943425939301, \"currency_code\": \"TWD\"}}",mybank
customer_id,32,TWD_demand_deposit,3697749084,credit_card_payment,QRYFVOEDSSRYMEEHJTGS,digital,MMB,"{\"action\": {\"amt\": 13.500943425939301, \"currency_code\": \"TWD\"}}",mybank
customer_id,15,TWD_demand_deposit,3697764578,transfer,DDDQLMYTKAEURKUFVFOW,digital,MyBank,"{\"action\": {\"amt\": 549.8452198017334, \"currency_code\": \"TWD\"}}",mybank
customer_id,40,TWD_demand_deposit,3697764578,transfer,DDDQLMYTKAEURKUFVFOW,digital,MyBank,"{\"action\": {\"amt\": 549.8452198017334, \"currency_code\": \"TWD\"}}",mybank
customer_id,22,fund,3697770516,general_purchase,JNSBIWFCVHSQWNXUWJFQ,digital,MyBank,"{\"action\": {\"amt\": 132.51796094542323, \"currency_code\": \"TWD\"}}",mybank
customer_id,47,fund,3697770516,general_purchase,JNSBIWFCVHSQWNXUWJFQ,digital,MyBank,"{\"action\": {\"amt\": 132.51796094542323, \"currency_code\": \"TWD\"}}",mybank
customer_id,20,fund,3697770604,fixed_quota_purchase,ICMHZJWPQJGOCPXNKNDT,digital,MyBank,"{\"action\": {\"amt\": 922.1013622729473, \"currency_code\": \"TWD\"}}",mybank
customer_id,45,fund,3697770604,fixed_quota_purchase,ICMHZJWPQJGOCPXNKNDT,digital,MyBank,"{\"action\": {\"amt\": 922.1013622729473, \"currency_code\": \"TWD\"}}",mybank
customer_id,1,fund,3697780653,fixed_quota_purchase,NQNEFLXBRISKQTWYNLNE,digital,MMB,"{\"action\": {\"amt\": 170.74328931710636, \"currency_code\": \"USD\"}}",mybank
customer_id,26,fund,3697780653,fixed_quota_purchase,NQNEFLXBRISKQTWYNLNE,digital,MMB,"{\"action\": {\"amt\": 170.74328931710636, \"currency_code\": \"USD\"}}",mybank
customer_id,14,TWD_demand_deposit,3697783111,other_payment,ALTPNXSOGYFNICNCDMZF,digital,MMB,"{\"action\": {\"amt\": 481.8921012033833, \"currency_code\": \"TWD\"}}",mybank
customer_id,39,TWD_demand_deposit,3697783111,other_payment,ALTPNXSOGYFNICNCDMZF,digital,MMB,"{\"action\": {\"amt\": 481.8921012033833, \"currency_code\": \"TWD\"}}",mybank
customer_id,25,fund,3697792280,fixed_quota_purchase,HTXSAGMSYDJQXOTPFEKQ,digital,MyBank,"{\"action\": {\"amt\": 674.4593391671447, \"currency_code\": \"USD\"}}",mybank
customer_id,50,fund,3697792280,fixed_quota_purchase,HTXSAGMSYDJQXOTPFEKQ,digital,MyBank,"{\"action\": {\"amt\": 674.4593391671447, \"currency_code\": \"USD\"}}",mybank
customer_id,20,TWD_demand_deposit,3697792471,transfer,NUHNWGFOJMWGWEUWTXSR,digital,MMB,"{\"action\": {\"amt\": 1359.2250005626747, \"currency_code\": \"TWD\"}}",mybank
customer_id,45,TWD_demand_deposit,3697792471,transfer,NUHNWGFOJMWGWEUWTXSR,digital,MMB,"{\"action\": {\"amt\": 1359.2250005626747, \"currency_code\": \"TWD\"}}",mybank
customer_id,14,TWD_demand_deposit,3697796657,credit_card_payment,HXMNCPWGSBGVNCLGHXMS,digital,MyBank,"{\"action\": {\"amt\": 1900.4819297417682, \"currency_code\": \"USD\"}}",mybank
customer_id,39,TWD_demand_deposit,3697796657,credit_card_payment,HXMNCPWGSBGVNCLGHXMS,digital,MyBank,"{\"action\": {\"amt\": 1900.4819297417682, \"currency_code\": \"USD\"}}",mybank
customer_id,15,TWD_demand_deposit,3697802781,other_payment,ANIPZBCJSJDEVIYDDGNI,digital,MyBank,"{\"action\": {\"amt\": 936.6883251248528, \"currency_code\": \"TWD\"}}",mybank
customer_id,40,TWD_demand_deposit,3697802781,other_payment,ANIPZBCJSJDEVIYDDGNI,digital,MyBank,"{\"action\": {\"amt\": 936.6883251248528, \"currency_code\": \"TWD\"}}",mybank
customer_id,20,fund,3697815443,general_purchase,EEUNRTCJQJBMEEBPZYUT,digital,MMB,"{\"action\": {\"amt\": 388.9229520298195, \"currency_code\": \"USD\"}}",mybank
customer_id,45,fund,3697815443,general_purchase,EEUNRTCJQJBMEEBPZYUT,digital,MMB,"{\"action\": {\"amt\": 388.9229520298195, \"currency_code\": \"USD\"}}",mybank
customer_id,2,fund,3697820699,general_purchase,ALUPITEMGMYWOWILNNUV,digital,MyBank,"{\"action\": {\"amt\": 1582.6976417507904, \"currency_code\": \"USD\"}}",mybank
customer_id,27,fund,3697820699,general_purchase,ALUPITEMGMYWOWILNNUV,digital,MyBank,"{\"action\": {\"amt\": 1582.6976417507904, \"currency_code\": \"USD\"}}",mybank
customer_id,1,TWD_demand_deposit,3697822253,credit_card_payment,VHSRXLTHELGBWCOVKXZM,digital,MMB,"{\"action\": {\"amt\": 3282.5226971957277, \"currency_code\": \"USD\"}}",mybank
customer_id,26,TWD_demand_deposit,3697822253,credit_card_payment,VHSRXLTHELGBWCOVKXZM,digital,MMB,"{\"action\": {\"amt\": 3282.5226971957277, \"currency_code\": \"USD\"}}",mybank
