3698966816,inbound,1,customer_id,"{\"action\": {\"call_nbr\": \"OJQNVHSRXLTHELGBWCOV\"}, \"object\": {\"type_desc\": \"17\", \"detail_desc\": \"166\", \"business_desc\": \"0\"}}",personal_phone_service,customer_service,0_17_166,call_purpose,cti
3698966816,inbound,26,customer_id,"{\"action\": {\"call_nbr\": \"OJQNVHSRXLTHELGBWCOV\"}, \"object\": {\"type_desc\": \"17\", \"detail_desc\": \"166\", \"business_desc\": \"0\"}}",personal_phone_service,customer_service,0_17_166,call_purpose,cti
3698974886,inbound,22,customer_id,"{\"action\": {\"call_nbr\": \"VGHYUQOFSCQOWJNXMAIO\"}, \"object\": {\"type_desc\": \"25\", \"detail_desc\": \"62\", \"business_desc\": \"2\"}}",personal_phone_service,customer_service,2_25_62,call_purpose,cti
3698974886,inbound,47,customer_id,"{\"action\": {\"call_nbr\": \"VGHYUQOFSCQOWJNXMAIO\"}, \"object\": {\"type_desc\": \"25\", \"detail_desc\": \"62\", \"business_desc\": \"2\"}}",personal_phone_service,customer_service,2_25_62,call_purpose,cti
3698996528,inbound,17,customer_id,"{\"action\": {\"call_nbr\": \"UENDHHSYYVPPILAHMOFI\"}, \"object\": {\"type_desc\": \"29\", \"detail_desc\": \"240\", \"business_desc\": \"0\"}}",personal_phone_service,customer_service,0_29_240,call_purpose,cti
3698996528,inbound,42,customer_id,"{\"action\": {\"call_nbr\": \"UENDHHSYYVPPILAHMOFI\"}, \"object\": {\"type_desc\": \"29\", \"detail_desc\": \"240\", \"business_desc\": \"0\"}}",personal_phone_service,customer_service,0_29_240,call_purpose,cti
3699037208,inbound,5,customer_id,"{\"action\": {\"call_nbr\": \"SZROKTMCPZIPGMGZLHCI\"}, \"object\": {\"type_desc\": \"1\", \"detail_desc\": \"191\", \"business_desc\": \"1\"}}",personal_phone_service,customer_service,1_1_191,call_purpose,cti
3699037208,inbound,30,customer_id,"{\"action\": {\"call_nbr\": \"SZROKTMCPZIPGMGZLHCI\"}, \"object\": {\"type_desc\": \"1\", \"detail_desc\": \"191\", \"business_desc\": \"1\"}}",personal_phone_service,customer_service,1_1_191,call_purpose,cti
3699043637,inbound,21,customer_id,"{\"action\": {\"call_nbr\": \"BSHQHOLPJSQAXWHIVNZQ\"}, \"object\": {\"type_desc\": \"24\", \"detail_desc\": \"241\", \"business_desc\": \"1\"}}",personal_phone_service,customer_service,1_24_241,call_purpose,cti
3699043637,inbound,46,customer_id,"{\"action\": {\"call_nbr\": \"BSHQHOLPJSQAXWHIVNZQ\"}, \"object\": {\"type_desc\": \"24\", \"detail_desc\": \"241\", \"business_desc\": \"1\"}}",personal_phone_service,customer_service,1_24_241,call_purpose,cti
3699053586,inbound,9,customer_id,"{\"action\": {\"call_nbr\": \"NVWNOBDKTCEAMHCTRRAU\"}, \"object\": {\"type_desc\": \"25\", \"detail_desc\": \"91\", \"business_desc\": \"0\"}}",personal_phone_service,customer_service,0_25_91,call_purpose,cti
3699053586,inbound,34,customer_id,"{\"action\": {\"call_nbr\": \"NVWNOBDKTCEAMHCTRRAU\"}, \"object\": {\"type_desc\": \"25\", \"detail_desc\": \"91\", \"business_desc\": \"0\"}}",personal_phone_service,customer_service,0_25_91,call_purpose,cti
3699055835,inbound,22,customer_id,"{\"action\": {\"call_nbr\": \"GHYPBFKXUAMGKRUTAETV\"}, \"object\": {\"type_desc\": \"11\", \"detail_desc\": \"49\", \"business_desc\": \"1\"}}",personal_phone_service,customer_service,1_11_49,call_purpose,cti
3699055835,inbound,47,customer_id,"{\"action\": {\"call_nbr\": \"GHYPBFKXUAMGKRUTAETV\"}, \"object\": {\"type_desc\": \"11\", \"detail_desc\": \"49\", \"business_desc\": \"1\"}}",personal_phone_service,customer_service,1_11_49,call_purpose,cti
3699067112,inbound,3,customer_id,"{\"action\": {\"call_nbr\": \"ETIWLTILVBQHVXSBBGHA\"}, \"object\": {\"type_desc\": \"15\", \"detail_desc\": \"84\", \"business_desc\": \"1\"}}",personal_phone_service,customer_service,1_15_84,call_purpose,cti
3699067112,inbound,28,customer_id,"{\"action\": {\"call_nbr\": \"ETIWLTILVBQHVXSBBGHA\"}, \"object\": {\"type_desc\": \"15\", \"detail_desc\": \"84\", \"business_desc\": \"1\"}}",personal_phone_service,customer_service,1_15_84,call_purpose,cti
3699113177,inbound,19,customer_id,"{\"action\": {\"call_nbr\": \"KBHPZFILOTMQFDGMFZOV\"}, \"object\": {\"type_desc\": \"11\", \"detail_desc\": \"47\", \"business_desc\": \"1\"}}",personal_phone_service,customer_service,1_11_47,call_purpose,cti
3699113177,inbound,44,customer_id,"{\"action\": {\"call_nbr\": \"KBHPZFILOTMQFDGMFZOV\"}, \"object\": {\"type_desc\": \"11\", \"detail_desc\": \"47\", \"business_desc\": \"1\"}}",personal_phone_service,customer_service,1_11_47,call_purpose,cti
3699116846,inbound,25,customer_id,"{\"action\": {\"call_nbr\": \"EPJDODWGSTQTLNHZUVOS\"}, \"object\": {\"type_desc\": \"8\", \"detail_desc\": \"282\", \"business_desc\": \"1\"}}",personal_phone_service,customer_service,1_8_282,call_purpose,cti
3699116846,inbound,50,customer_id,"{\"action\": {\"call_nbr\": \"EPJDODWGSTQTLNHZUVOS\"}, \"object\": {\"type_desc\": \"8\", \"detail_desc\": \"282\", \"business_desc\": \"1\"}}",personal_phone_service,customer_service,1_8_282,call_purpose,cti
3699125180,inbound,13,customer_id,"{\"action\": {\"call_nbr\": \"ZMTVKCXZWLJJBONNBYFG\"}, \"object\": {\"type_desc\": \"6\", \"detail_desc\": \"180\", \"business_desc\": \"2\"}}",personal_phone_service,customer_service,2_6_180,call_purpose,cti
3699125180,inbound,38,customer_id,"{\"action\": {\"call_nbr\": \"ZMTVKCXZWLJJBONNBYFG\"}, \"object\": {\"type_desc\": \"6\", \"detail_desc\": \"180\", \"business_desc\": \"2\"}}",personal_phone_service,customer_service,2_6_180,call_purpose,cti
3699128175,inbound,1,customer_id,"{\"action\": {\"call_nbr\": \"WNCQQCOUNNQNEFLXBRIS\"}, \"object\": {\"type_desc\": \"26\", \"detail_desc\": \"227\", \"business_desc\": \"2\"}}",personal_phone_service,customer_service,2_26_227,call_purpose,cti
3699128175,inbound,26,customer_id,"{\"action\": {\"call_nbr\": \"WNCQQCOUNNQNEFLXBRIS\"}, \"object\": {\"type_desc\": \"26\", \"detail_desc\": \"227\", \"business_desc\": \"2\"}}",personal_phone_service,customer_service,2_26_227,call_purpose,cti
3699134210,inbound,16,customer_id,"{\"action\": {\"call_nbr\": \"QAMAVOEXNKPSKZPBUAUC\"}, \"object\": {\"type_desc\": \"14\", \"detail_desc\": \"298\", \"business_desc\": \"2\"}}",personal_phone_service,customer_service,2_14_298,call_purpose,cti
3699134210,inbound,41,customer_id,"{\"action\": {\"call_nbr\": \"QAMAVOEXNKPSKZPBUAUC\"}, \"object\": {\"type_desc\": \"14\", \"detail_desc\": \"298\", \"business_desc\": \"2\"}}",personal_phone_service,customer_service,2_14_298,call_purpose,cti
3699134930,inbound,25,customer_id,"{\"action\": {\"call_nbr\": \"CDKMRHZWIELNAUKRBZLB\"}, \"object\": {\"type_desc\": \"10\", \"detail_desc\": \"208\", \"business_desc\": \"2\"}}",personal_phone_service,customer_service,2_10_208,call_purpose,cti
3699134930,inbound,50,customer_id,"{\"action\": {\"call_nbr\": \"CDKMRHZWIELNAUKRBZLB\"}, \"object\": {\"type_desc\": \"10\", \"detail_desc\": \"208\", \"business_desc\": \"2\"}}",personal_phone_service,customer_service,2_10_208,call_purpose,cti
3699140190,inbound,25,customer_id,"{\"action\": {\"call_nbr\": \"HLYIHJEDFUIURAOYGDNB\"}, \"object\": {\"type_desc\": \"1\", \"detail_desc\": \"202\", \"business_desc\": \"0\"}}",personal_phone_service,customer_service,0_1_202,call_purpose,cti
3699140190,inbound,50,customer_id,"{\"action\": {\"call_nbr\": \"HLYIHJEDFUIURAOYGDNB\"}, \"object\": {\"type_desc\": \"1\", \"detail_desc\": \"202\", \"business_desc\": \"0\"}}",personal_phone_service,customer_service,0_1_202,call_purpose,cti
3699152236,inbound,15,customer_id,"{\"action\": {\"call_nbr\": \"TLLTGUZWRNOPDQVJZMEQ\"}, \"object\": {\"type_desc\": \"15\", \"detail_desc\": \"242\", \"business_desc\": \"1\"}}",personal_phone_service,customer_service,1_15_242,call_purpose,cti
3699152236,inbound,40,customer_id,"{\"action\": {\"call_nbr\": \"TLLTGUZWRNOPDQVJZMEQ\"}, \"object\": {\"type_desc\": \"15\", \"detail_desc\": \"242\", \"business_desc\": \"1\"}}",personal_phone_service,customer_service,1_15_242,call_purpose,cti
3699160075,inbound,12,customer_id,"{\"action\": {\"call_nbr\": \"MGTITPXVHCYYNVAQDLNM\"}, \"object\": {\"type_desc\": \"5\", \"detail_desc\": \"282\", \"business_desc\": \"2\"}}",personal_phone_service,customer_service,2_5_282,call_purpose,cti
3699160075,inbound,37,customer_id,"{\"action\": {\"call_nbr\": \"MGTITPXVHCYYNVAQDLNM\"}, \"object\": {\"type_desc\": \"5\", \"detail_desc\": \"282\", \"business_desc\": \"2\"}}",personal_phone_service,customer_service,2_5_282,call_purpose,cti
3699203522,inbound,2,customer_id,"{\"action\": {\"call_nbr\": \"YRICPIVKOALEXFDKJFCW\"}, \"object\": {\"type_desc\": \"13\", \"detail_desc\": \"151\", \"business_desc\": \"2\"}}",personal_phone_service,customer_service,2_13_151,call_purpose,cti
3699203522,inbound,27,customer_id,"{\"action\": {\"call_nbr\": \"YRICPIVKOALEXFDKJFCW\"}, \"object\": {\"type_desc\": \"13\", \"detail_desc\": \"151\", \"business_desc\": \"2\"}}",personal_phone_service,customer_service,2_13_151,call_purpose,cti
3699213079,inbound,6,customer_id,"{\"action\": {\"call_nbr\": \"DEUDIZNJBISRBKZRQYEQ\"}, \"object\": {\"type_desc\": \"0\", \"detail_desc\": \"137\", \"business_desc\": \"1\"}}",personal_phone_service,customer_service,1_0_137,call_purpose,cti
3699213079,inbound,31,customer_id,"{\"action\": {\"call_nbr\": \"DEUDIZNJBISRBKZRQYEQ\"}, \"object\": {\"type_desc\": \"0\", \"detail_desc\": \"137\", \"business_desc\": \"1\"}}",personal_phone_service,customer_service,1_0_137,call_purpose,cti
3699217510,inbound,9,customer_id,"{\"action\": {\"call_nbr\": \"MJNCRBJTTIIZQSMUTYPG\"}, \"object\": {\"type_desc\": \"16\", \"detail_desc\": \"264\", \"business_desc\": \"2\"}}",personal_phone_service,customer_service,2_16_264,call_purpose,cti
3699217510,inbound,34,customer_id,"{\"action\": {\"call_nbr\": \"MJNCRBJTTIIZQSMUTYPG\"}, \"object\": {\"type_desc\": \"16\", \"detail_desc\": \"264\", \"business_desc\": \"2\"}}",personal_phone_service,customer_service,2_16_264,call_purpose,cti
3699232726,inbound,6,customer_id,"{\"action\": {\"call_nbr\": \"QNJBESODVCYOGGKQBDSZ\"}, \"object\": {\"type_desc\": \"8\", \"detail_desc\": \"233\", \"business_desc\": \"1\"}}",personal_phone_service,customer_service,1_8_233,call_purpose,cti
3699232726,inbound,31,customer_id,"{\"action\": {\"call_nbr\": \"QNJBESODVCYOGGKQBDSZ\"}, \"object\": {\"type_desc\": \"8\", \"detail_desc\": \"233\", \"business_desc\": \"1\"}}",personal_phone_service,customer_service,1_8_233,call_purpose,cti
3699232808,inbound,12,customer_id,"{\"action\": {\"call_nbr\": \"BCIGDNQAFBNTGGFVVZPR\"}, \"object\": {\"type_desc\": \"6\", \"detail_desc\": \"115\", \"business_desc\": \"1\"}}",personal_phone_service,customer_service,1_6_115,call_purpose,cti
3699232808,inbound,37,customer_id,"{\"action\": {\"call_nbr\": \"BCIGDNQAFBNTGGFVVZPR\"}, \"object\": {\"type_desc\": \"6\", \"detail_desc\": \"115\", \"business_desc\": \"1\"}}",personal_phone_service,customer_service,1_6_115,call_purpose,cti
3699256544,inbound,5,customer_id,"{\"action\": {\"call_nbr\": \"GAWTTJERLBPMNIFAKVFB\"}, \"object\": {\"type_desc\": \"17\", \"detail_desc\": \"227\", \"business_desc\": \"1\"}}",personal_phone_service,customer_service,1_17_227,call_purpose,cti
3699256544,inbound,30,customer_id,"{\"action\": {\"call_nbr\": \"GAWTTJERLBPMNIFAKVFB\"}, \"object\": {\"type_desc\": \"17\", \"detail_desc\": \"227\", \"business_desc\": \"1\"}}",personal_phone_service,customer_service,1_17_227,call_purpose,cti
3699274567,inbound,23,customer_id,"{\"action\": {\"call_nbr\": \"UTXXDVZINFRZSPRRTHTZ\"}, \"object\": {\"type_desc\": \"10\", \"detail_desc\": \"190\", \"business_desc\": \"0\"}}",personal_phone_service,customer_service,0_10_190,call_purpose,cti
3699274567,inbound,48,customer_id,"{\"action\": {\"call_nbr\": \"UTXXDVZINFRZSPRRTHTZ\"}, \"object\": {\"type_desc\": \"10\", \"detail_desc\": \"190\", \"business_desc\": \"0\"}}",personal_phone_service,customer_service,0_10_190,call_purpose,cti
3699276128,inbound,12,customer_id,"{\"action\": {\"call_nbr\": \"QLCJZIQAEWXTJWHVJRIO\"}, \"object\": {\"type_desc\": \"20\", \"detail_desc\": \"47\", \"business_desc\": \"2\"}}",personal_phone_service,customer_service,2_20_47,call_purpose,cti
3699276128,inbound,37,customer_id,"{\"action\": {\"call_nbr\": \"QLCJZIQAEWXTJWHVJRIO\"}, \"object\": {\"type_desc\": \"20\", \"detail_desc\": \"47\", \"business_desc\": \"2\"}}",personal_phone_service,customer_service,2_20_47,call_purpose,cti
3699308621,inbound,2,customer_id,"{\"action\": {\"call_nbr\": \"KHYMCJNRMHEUQLTXDNRX\"}, \"object\": {\"type_desc\": \"16\", \"detail_desc\": \"296\", \"business_desc\": \"1\"}}",personal_phone_service,customer_service,1_16_296,call_purpose,cti
3699308621,inbound,27,customer_id,"{\"action\": {\"call_nbr\": \"KHYMCJNRMHEUQLTXDNRX\"}, \"object\": {\"type_desc\": \"16\", \"detail_desc\": \"296\", \"business_desc\": \"1\"}}",personal_phone_service,customer_service,1_16_296,call_purpose,cti
3699336445,inbound,18,customer_id,"{\"action\": {\"call_nbr\": \"FZNGEPXWIOVQXFXZNCZT\"}, \"object\": {\"type_desc\": \"3\", \"detail_desc\": \"38\", \"business_desc\": \"2\"}}",personal_phone_service,customer_service,2_3_38,call_purpose,cti
3699336445,inbound,43,customer_id,"{\"action\": {\"call_nbr\": \"FZNGEPXWIOVQXFXZNCZT\"}, \"object\": {\"type_desc\": \"3\", \"detail_desc\": \"38\", \"business_desc\": \"2\"}}",personal_phone_service,customer_service,2_3_38,call_purpose,cti
3699340636,inbound,15,customer_id,"{\"action\": {\"call_nbr\": \"GOANBCOSYKEIJWDBGSXH\"}, \"object\": {\"type_desc\": \"4\", \"detail_desc\": \"137\", \"business_desc\": \"0\"}}",personal_phone_service,customer_service,0_4_137,call_purpose,cti
3699340636,inbound,40,customer_id,"{\"action\": {\"call_nbr\": \"GOANBCOSYKEIJWDBGSXH\"}, \"object\": {\"type_desc\": \"4\", \"detail_desc\": \"137\", \"business_desc\": \"0\"}}",personal_phone_service,customer_service,0_4_137,call_purpose,cti
3699341200,inbound,11,customer_id,"{\"action\": {\"call_nbr\": \"RZVFREEFYYMUQRYFVOED\"}, \"object\": {\"type_desc\": \"17\", \"detail_desc\": \"250\", \"business_desc\": \"2\"}}",personal_phone_service,customer_service,2_17_250,call_purpose,cti
3699341200,inbound,36,customer_id,"{\"action\": {\"call_nbr\": \"RZVFREEFYYMUQRYFVOED\"}, \"object\": {\"type_desc\": \"17\", \"detail_desc\": \"250\", \"business_desc\": \"2\"}}",personal_phone_service,customer_service,2_17_250,call_purpose,cti
3699344495,inbound,12,customer_id,"{\"action\": {\"call_nbr\": \"BCGPNNKGTYFZZNPBBKFT\"}, \"object\": {\"type_desc\": \"25\", \"detail_desc\": \"264\", \"business_desc\": \"2\"}}",personal_phone_service,customer_service,2_25_264,call_purpose,cti
3699344495,inbound,37,customer_id,"{\"action\": {\"call_nbr\": \"BCGPNNKGTYFZZNPBBKFT\"}, \"object\": {\"type_desc\": \"25\", \"detail_desc\": \"264\", \"business_desc\": \"2\"}}",personal_phone_service,customer_service,2_25_264,call_purpose,cti
3699378643,inbound,12,customer_id,"{\"action\": {\"call_nbr\": \"RWRJHQUZXIHODQSPEVSI\"}, \"object\": {\"type_desc\": \"15\", \"detail_desc\": \"102\", \"business_desc\": \"2\"}}",personal_phone_service,customer_service,2_15_102,call_purpose,cti
3699378643,inbound,37,customer_id,"{\"action\": {\"call_nbr\": \"RWRJHQUZXIHODQSPEVSI\"}, \"object\": {\"type_desc\": \"15\", \"detail_desc\": \"102\", \"business_desc\": \"2\"}}",personal_phone_service,customer_service,2_15_102,call_purpose,cti
3699386694,inbound,11,customer_id,"{\"action\": {\"call_nbr\": \"XOSOTDSLUKIQPKPAJRTC\"}, \"object\": {\"type_desc\": \"8\", \"detail_desc\": \"188\", \"business_desc\": \"1\"}}",personal_phone_service,customer_service,1_8_188,call_purpose,cti
3699386694,inbound,36,customer_id,"{\"action\": {\"call_nbr\": \"XOSOTDSLUKIQPKPAJRTC\"}, \"object\": {\"type_desc\": \"8\", \"detail_desc\": \"188\", \"business_desc\": \"1\"}}",personal_phone_service,customer_service,1_8_188,call_purpose,cti
3699391110,inbound,10,customer_id,"{\"action\": {\"call_nbr\": \"NOBZUFYBXVVVJGWZTHBP\"}, \"object\": {\"type_desc\": \"8\", \"detail_desc\": \"201\", \"business_desc\": \"2\"}}",personal_phone_service,customer_service,2_8_201,call_purpose,cti
3699391110,inbound,35,customer_id,"{\"action\": {\"call_nbr\": \"NOBZUFYBXVVVJGWZTHBP\"}, \"object\": {\"type_desc\": \"8\", \"detail_desc\": \"201\", \"business_desc\": \"2\"}}",personal_phone_service,customer_service,2_8_201,call_purpose,cti
3699395373,inbound,22,customer_id,"{\"action\": {\"call_nbr\": \"AWZCGELFULVACNLIGVME\"}, \"object\": {\"type_desc\": \"16\", \"detail_desc\": \"119\", \"business_desc\": \"2\"}}",personal_phone_service,customer_service,2_16_119,call_purpose,cti
3699395373,inbound,47,customer_id,"{\"action\": {\"call_nbr\": \"AWZCGELFULVACNLIGVME\"}, \"object\": {\"type_desc\": \"16\", \"detail_desc\": \"119\", \"business_desc\": \"2\"}}",personal_phone_service,customer_service,2_16_119,call_purpose,cti
3699433341,inbound,10,customer_id,"{\"action\": {\"call_nbr\": \"XLPDTAJKRISKVYDSRYSY\"}, \"object\": {\"type_desc\": \"29\", \"detail_desc\": \"178\", \"business_desc\": \"2\"}}",personal_phone_service,customer_service,2_29_178,call_purpose,cti
3699433341,inbound,35,customer_id,"{\"action\": {\"call_nbr\": \"XLPDTAJKRISKVYDSRYSY\"}, \"object\": {\"type_desc\": \"29\", \"detail_desc\": \"178\", \"business_desc\": \"2\"}}",personal_phone_service,customer_service,2_29_178,call_purpose,cti
3699439108,inbound,14,customer_id,"{\"action\": {\"call_nbr\": \"EDOPWXQJDAUNLOFPQANG\"}, \"object\": {\"type_desc\": \"9\", \"detail_desc\": \"45\", \"business_desc\": \"1\"}}",personal_phone_service,customer_service,1_9_45,call_purpose,cti
3699439108,inbound,39,customer_id,"{\"action\": {\"call_nbr\": \"EDOPWXQJDAUNLOFPQANG\"}, \"object\": {\"type_desc\": \"9\", \"detail_desc\": \"45\", \"business_desc\": \"1\"}}",personal_phone_service,customer_service,1_9_45,call_purpose,cti
3699445118,inbound,25,customer_id,"{\"action\": {\"call_nbr\": \"VXUUZMWVWNHNWEXGXRAX\"}, \"object\": {\"type_desc\": \"17\", \"detail_desc\": \"294\", \"business_desc\": \"0\"}}",personal_phone_service,customer_service,0_17_294,call_purpose,cti
3699445118,inbound,50,customer_id,"{\"action\": {\"call_nbr\": \"VXUUZMWVWNHNWEXGXRAX\"}, \"object\": {\"type_desc\": \"17\", \"detail_desc\": \"294\", \"business_desc\": \"0\"}}",personal_phone_service,customer_service,0_17_294,call_purpose,cti
3699449839,inbound,6,customer_id,"{\"action\": {\"call_nbr\": \"LGCPOXBDFARAXFIDBHII\"}, \"object\": {\"type_desc\": \"4\", \"detail_desc\": \"36\", \"business_desc\": \"0\"}}",personal_phone_service,customer_service,0_4_36,call_purpose,cti
3699449839,inbound,31,customer_id,"{\"action\": {\"call_nbr\": \"LGCPOXBDFARAXFIDBHII\"}, \"object\": {\"type_desc\": \"4\", \"detail_desc\": \"36\", \"business_desc\": \"0\"}}",personal_phone_service,customer_service,0_4_36,call_purpose,cti
3699451488,inbound,9,customer_id,"{\"action\": {\"call_nbr\": \"CCONLSOWVALKAOMZXSHE\"}, \"object\": {\"type_desc\": \"23\", \"detail_desc\": \"286\", \"business_desc\": \"0\"}}",personal_phone_service,customer_service,0_23_286,call_purpose,cti
3699451488,inbound,34,customer_id,"{\"action\": {\"call_nbr\": \"CCONLSOWVALKAOMZXSHE\"}, \"object\": {\"type_desc\": \"23\", \"detail_desc\": \"286\", \"business_desc\": \"0\"}}",personal_phone_service,customer_service,0_23_286,call_purpose,cti
3699454181,inbound,13,customer_id,"{\"action\": {\"call_nbr\": \"VJKAQSMHVJKTMYEWYPIE\"}, \"object\": {\"type_desc\": \"24\", \"detail_desc\": \"52\", \"business_desc\": \"2\"}}",personal_phone_service,customer_service,2_24_52,call_purpose,cti
3699454181,inbound,38,customer_id,"{\"action\": {\"call_nbr\": \"VJKAQSMHVJKTMYEWYPIE\"}, \"object\": {\"type_desc\": \"24\", \"detail_desc\": \"52\", \"business_desc\": \"2\"}}",personal_phone_service,customer_service,2_24_52,call_purpose,cti
3699460370,inbound,9,customer_id,"{\"action\": {\"call_nbr\": \"QAYWAPVAFEMFWQLHBERV\"}, \"object\": {\"type_desc\": \"11\", \"detail_desc\": \"149\", \"business_desc\": \"0\"}}",personal_phone_service,customer_service,0_11_149,call_purpose,cti
3699460370,inbound,34,customer_id,"{\"action\": {\"call_nbr\": \"QAYWAPVAFEMFWQLHBERV\"}, \"object\": {\"type_desc\": \"11\", \"detail_desc\": \"149\", \"business_desc\": \"0\"}}",personal_phone_service,customer_service,0_11_149,call_purpose,cti
3699463473,inbound,8,customer_id,"{\"action\": {\"call_nbr\": \"MWDZCBWMGKOWAYSKWSNI\"}, \"object\": {\"type_desc\": \"22\", \"detail_desc\": \"174\", \"business_desc\": \"2\"}}",personal_phone_service,customer_service,2_22_174,call_purpose,cti
3699463473,inbound,33,customer_id,"{\"action\": {\"call_nbr\": \"MWDZCBWMGKOWAYSKWSNI\"}, \"object\": {\"type_desc\": \"22\", \"detail_desc\": \"174\", \"business_desc\": \"2\"}}",personal_phone_service,customer_service,2_22_174,call_purpose,cti
3699478547,inbound,16,customer_id,"{\"action\": {\"call_nbr\": \"RLTJLLKEZWCWCLXQNIMF\"}, \"object\": {\"type_desc\": \"20\", \"detail_desc\": \"242\", \"business_desc\": \"1\"}}",personal_phone_service,customer_service,1_20_242,call_purpose,cti
3699478547,inbound,41,customer_id,"{\"action\": {\"call_nbr\": \"RLTJLLKEZWCWCLXQNIMF\"}, \"object\": {\"type_desc\": \"20\", \"detail_desc\": \"242\", \"business_desc\": \"1\"}}",personal_phone_service,customer_service,1_20_242,call_purpose,cti
3699483764,inbound,12,customer_id,"{\"action\": {\"call_nbr\": \"NFTEBBZJKSCJQOPYODTD\"}, \"object\": {\"type_desc\": \"0\", \"detail_desc\": \"104\", \"business_desc\": \"0\"}}",personal_phone_service,customer_service,0_0_104,call_purpose,cti
3699483764,inbound,37,customer_id,"{\"action\": {\"call_nbr\": \"NFTEBBZJKSCJQOPYODTD\"}, \"object\": {\"type_desc\": \"0\", \"detail_desc\": \"104\", \"business_desc\": \"0\"}}",personal_phone_service,customer_service,0_0_104,call_purpose,cti
3699502470,inbound,21,customer_id,"{\"action\": {\"call_nbr\": \"GYDPTPRBNMXSFMAORHMV\"}, \"object\": {\"type_desc\": \"20\", \"detail_desc\": \"187\", \"business_desc\": \"1\"}}",personal_phone_service,customer_service,1_20_187,call_purpose,cti
3699502470,inbound,46,customer_id,"{\"action\": {\"call_nbr\": \"GYDPTPRBNMXSFMAORHMV\"}, \"object\": {\"type_desc\": \"20\", \"detail_desc\": \"187\", \"business_desc\": \"1\"}}",personal_phone_service,customer_service,1_20_187,call_purpose,cti
3699511189,inbound,15,customer_id,"{\"action\": {\"call_nbr\": \"MQTFQAHNOAKLJLOOCWCS\"}, \"object\": {\"type_desc\": \"16\", \"detail_desc\": \"137\", \"business_desc\": \"2\"}}",personal_phone_service,customer_service,2_16_137,call_purpose,cti
3699511189,inbound,40,customer_id,"{\"action\": {\"call_nbr\": \"MQTFQAHNOAKLJLOOCWCS\"}, \"object\": {\"type_desc\": \"16\", \"detail_desc\": \"137\", \"business_desc\": \"2\"}}",personal_phone_service,customer_service,2_16_137,call_purpose,cti
3699522858,inbound,4,customer_id,"{\"action\": {\"call_nbr\": \"IWCHAKOOYHEJEYIEPAFH\"}, \"object\": {\"type_desc\": \"18\", \"detail_desc\": \"80\", \"business_desc\": \"2\"}}",personal_phone_service,customer_service,2_18_80,call_purpose,cti
3699522858,inbound,29,customer_id,"{\"action\": {\"call_nbr\": \"IWCHAKOOYHEJEYIEPAFH\"}, \"object\": {\"type_desc\": \"18\", \"detail_desc\": \"80\", \"business_desc\": \"2\"}}",personal_phone_service,customer_service,2_18_80,call_purpose,cti
3699526440,inbound,12,customer_id,"{\"action\": {\"call_nbr\": \"HEXSOYYWKSSDRTFWHYWE\"}, \"object\": {\"type_desc\": \"22\", \"detail_desc\": \"51\", \"business_desc\": \"0\"}}",personal_phone_service,customer_service,0_22_51,call_purpose,cti
3699526440,inbound,37,customer_id,"{\"action\": {\"call_nbr\": \"HEXSOYYWKSSDRTFWHYWE\"}, \"object\": {\"type_desc\": \"22\", \"detail_desc\": \"51\", \"business_desc\": \"0\"}}",personal_phone_service,customer_service,0_22_51,call_purpose,cti
3699526956,inbound,13,customer_id,"{\"action\": {\"call_nbr\": \"HYCBBVCXFDFSPGQRRKNG\"}, \"object\": {\"type_desc\": \"17\", \"detail_desc\": \"253\", \"business_desc\": \"0\"}}",personal_phone_service,customer_service,0_17_253,call_purpose,cti
3699526956,inbound,38,customer_id,"{\"action\": {\"call_nbr\": \"HYCBBVCXFDFSPGQRRKNG\"}, \"object\": {\"type_desc\": \"17\", \"detail_desc\": \"253\", \"business_desc\": \"0\"}}",personal_phone_service,customer_service,0_17_253,call_purpose,cti
3699531409,inbound,22,customer_id,"{\"action\": {\"call_nbr\": \"NUCTCPKMLGJMEGOUSRKV\"}, \"object\": {\"type_desc\": \"3\", \"detail_desc\": \"185\", \"business_desc\": \"0\"}}",personal_phone_service,customer_service,0_3_185,call_purpose,cti
3699531409,inbound,47,customer_id,"{\"action\": {\"call_nbr\": \"NUCTCPKMLGJMEGOUSRKV\"}, \"object\": {\"type_desc\": \"3\", \"detail_desc\": \"185\", \"business_desc\": \"0\"}}",personal_phone_service,customer_service,0_3_185,call_purpose,cti
3699534075,inbound,10,customer_id,"{\"action\": {\"call_nbr\": \"KDGXOTOFGFAADAOPMXQB\"}, \"object\": {\"type_desc\": \"28\", \"detail_desc\": \"51\", \"business_desc\": \"2\"}}",personal_phone_service,customer_service,2_28_51,call_purpose,cti
3699534075,inbound,35,customer_id,"{\"action\": {\"call_nbr\": \"KDGXOTOFGFAADAOPMXQB\"}, \"object\": {\"type_desc\": \"28\", \"detail_desc\": \"51\", \"business_desc\": \"2\"}}",personal_phone_service,customer_service,2_28_51,call_purpose,cti
3699544214,inbound,10,customer_id,"{\"action\": {\"call_nbr\": \"BBZLFBUAEFEEHCZTQMFT\"}, \"object\": {\"type_desc\": \"6\", \"detail_desc\": \"133\", \"business_desc\": \"0\"}}",personal_phone_service,customer_service,0_6_133,call_purpose,cti
3699544214,inbound,35,customer_id,"{\"action\": {\"call_nbr\": \"BBZLFBUAEFEEHCZTQMFT\"}, \"object\": {\"type_desc\": \"6\", \"detail_desc\": \"133\", \"business_desc\": \"0\"}}",personal_phone_service,customer_service,0_6_133,call_purpose,cti
3699554309,inbound,11,customer_id,"{\"action\": {\"call_nbr\": \"URNYIJYUPHZLGIYUHBIF\"}, \"object\": {\"type_desc\": \"5\", \"detail_desc\": \"204\", \"business_desc\": \"1\"}}",personal_phone_service,customer_service,1_5_204,call_purpose,cti
3699554309,inbound,36,customer_id,"{\"action\": {\"call_nbr\": \"URNYIJYUPHZLGIYUHBIF\"}, \"object\": {\"type_desc\": \"5\", \"detail_desc\": \"204\", \"business_desc\": \"1\"}}",personal_phone_service,customer_service,1_5_204,call_purpose,cti
3699559579,inbound,13,customer_id,"{\"action\": {\"call_nbr\": \"OEWSBNGEOKVROCVPJMYW\"}, \"object\": {\"type_desc\": \"1\", \"detail_desc\": \"159\", \"business_desc\": \"1\"}}",personal_phone_service,customer_service,1_1_159,call_purpose,cti
3699559579,inbound,38,customer_id,"{\"action\": {\"call_nbr\": \"OEWSBNGEOKVROCVPJMYW\"}, \"object\": {\"type_desc\": \"1\", \"detail_desc\": \"159\", \"business_desc\": \"1\"}}",personal_phone_service,customer_service,1_1_159,call_purpose,cti
