customer_id,14,fund,3697838665,general_purchase,AOBNBRBPIRHRHUWYVTES,digital,MMB,"{\"action\": {\"amt\": 570.7640733263631, \"currency_code\": \"TWD\"}}",mybank
customer_id,39,fund,3697838665,general_purchase,AOBNBRBPIRHRHUWYVTES,digital,MMB,"{\"action\": {\"amt\": 570.7640733263631, \"currency_code\": \"TWD\"}}",mybank
customer_id,10,TWD_demand_deposit,3697861423,credit_card_payment,SHLHZRPAGSSYRTZUDFDK,digital,MMB,"{\"action\": {\"amt\": 407.4303393116885, \"currency_code\": \"USD\"}}",mybank
customer_id,35,TWD_demand_deposit,3697861423,credit_card_payment,SHLHZRPAGSSYRTZUDFDK,digital,MMB,"{\"action\": {\"amt\": 407.4303393116885, \"currency_code\": \"USD\"}}",mybank
customer_id,20,fund,3697861556,fixed_quota_purchase,JVVEOLLDOQBVGSWDGFMW,digital,MyBank,"{\"action\": {\"amt\": 1030.178257690216, \"currency_code\": \"USD\"}}",mybank
customer_id,45,fund,3697861556,fixed_quota_purchase,JVVEOLLDOQBVGSWDGFMW,digital,MyBank,"{\"action\": {\"amt\": 1030.178257690216, \"currency_code\": \"USD\"}}",mybank
customer_id,3,fund,3697866545,fixed_quota_purchase,JEXAZFNYDWNJMPLUHIHK,digital,MMB,"{\"action\": {\"amt\": 675.9961241941681, \"currency_code\": \"USD\"}}",mybank
customer_id,28,fund,3697866545,fixed_quota_purchase,JEXAZFNYDWNJMPLUHIHK,digital,MMB,"{\"action\": {\"amt\": 675.9961241941681, \"currency_code\": \"USD\"}}",mybank
customer_id,9,fund,3697869331,fixed_quota_purchase,IDCZFEWWDACHJNVCLNEJ,digital,MMB,"{\"action\": {\"amt\": 243.49576782682223, \"currency_code\": \"TWD\"}}",mybank
customer_id,34,fund,3697869331,fixed_quota_purchase,IDCZFEWWDACHJNVCLNEJ,digital,MMB,"{\"action\": {\"amt\": 243.49576782682223, \"currency_code\": \"TWD\"}}",mybank
customer_id,9,fund,3697869935,general_purchase,BUFTPHZZGUKJYKIZAHNZ,digital,MyBank,"{\"action\": {\"amt\": 759.3478326570778, \"currency_code\": \"TWD\"}}",mybank
customer_id,34,fund,3697869935,general_purchase,BUFTPHZZGUKJYKIZAHNZ,digital,MyBank,"{\"action\": {\"amt\": 759.3478326570778, \"currency_code\": \"TWD\"}}",mybank
customer_id,12,TWD_demand_deposit,3697872027,transfer,IOULFZZKKKDOKMCIIMLG,digital,MyBank,"{\"action\": {\"amt\": 690.350195138448, \"currency_code\": \"TWD\"}}",mybank
customer_id,37,TWD_demand_deposit,3697872027,transfer,IOULFZZKKKDOKMCIIMLG,digital,MyBank,"{\"action\": {\"amt\": 690.350195138448, \"currency_code\": \"TWD\"}}",mybank
customer_id,14,fund,3697872164,general_purchase,LWKEQYMVKBJWAYZWDENP,digital,MMB,"{\"action\": {\"amt\": 1820.1843202013606, \"currency_code\": \"TWD\"}}",mybank
customer_id,39,fund,3697872164,general_purchase,LWKEQYMVKBJWAYZWDENP,digital,MMB,"{\"action\": {\"amt\": 1820.1843202013606, \"currency_code\": \"TWD\"}}",mybank
customer_id,23,fund,3697873269,fixed_quota_purchase,NFMYVWFLENCGQJRGEVOI,digital,MyBank,"{\"action\": {\"amt\": 14.754412237326124, \"currency_code\": \"USD\"}}",mybank
customer_id,48,fund,3697873269,fixed_quota_purchase,NFMYVWFLENCGQJRGEVOI,digital,MyBank,"{\"action\": {\"amt\": 14.754412237326124, \"currency_code\": \"USD\"}}",mybank
customer_id,20,fund,3697877388,general_purchase,JNXGEPYWUVFPHRNEIAAW,digital,MMB,"{\"action\": {\"amt\": 760.8130173067918, \"currency_code\": \"USD\"}}",mybank
customer_id,45,fund,3697877388,general_purchase,JNXGEPYWUVFPHRNEIAAW,digital,MMB,"{\"action\": {\"amt\": 760.8130173067918, \"currency_code\": \"USD\"}}",mybank
customer_id,10,fund,3697878424,general_purchase,OTOVSCQJKTZUSQVPXBKH,digital,MyBank,"{\"action\": {\"amt\": 753.7491839153594, \"currency_code\": \"TWD\"}}",mybank
customer_id,35,fund,3697878424,general_purchase,OTOVSCQJKTZUSQVPXBKH,digital,MyBank,"{\"action\": {\"amt\": 753.7491839153594, \"currency_code\": \"TWD\"}}",mybank
customer_id,23,TWD_demand_deposit,3697882916,transfer,PEBYOTOKNJBRMVKAHEME,digital,MMB,"{\"action\": {\"amt\": 677.1025953271812, \"currency_code\": \"USD\"}}",mybank
customer_id,48,TWD_demand_deposit,3697882916,transfer,PEBYOTOKNJBRMVKAHEME,digital,MMB,"{\"action\": {\"amt\": 677.1025953271812, \"currency_code\": \"USD\"}}",mybank
customer_id,7,TWD_demand_deposit,3697888281,other_payment,TQMFTYXASXMXKWUEGMWE,digital,MMB,"{\"action\": {\"amt\": 439.0999967237768, \"currency_code\": \"USD\"}}",mybank
customer_id,32,TWD_demand_deposit,3697888281,other_payment,TQMFTYXASXMXKWUEGMWE,digital,MMB,"{\"action\": {\"amt\": 439.0999967237768, \"currency_code\": \"USD\"}}",mybank
customer_id,21,TWD_demand_deposit,3697902466,credit_card_payment,KWQPQVJPSIDXHVRHZNTE,digital,MyBank,"{\"action\": {\"amt\": 589.6942147621605, \"currency_code\": \"TWD\"}}",mybank
customer_id,46,TWD_demand_deposit,3697902466,credit_card_payment,KWQPQVJPSIDXHVRHZNTE,digital,MyBank,"{\"action\": {\"amt\": 589.6942147621605, \"currency_code\": \"TWD\"}}",mybank
customer_id,5,fund,3697912536,fixed_quota_purchase,TYFFXRIFGJFFBVKQJQIB,digital,MyBank,"{\"action\": {\"amt\": 641.2941750518436, \"currency_code\": \"USD\"}}",mybank
customer_id,30,fund,3697912536,fixed_quota_purchase,TYFFXRIFGJFFBVKQJQIB,digital,MyBank,"{\"action\": {\"amt\": 641.2941750518436, \"currency_code\": \"USD\"}}",mybank
customer_id,4,TWD_demand_deposit,3697934449,transfer,DSSYEAYMGXTWXAEJRXHL,digital,MyBank,"{\"action\": {\"amt\": 267.9958234312146, \"currency_code\": \"USD\"}}",mybank
customer_id,29,TWD_demand_deposit,3697934449,transfer,DSSYEAYMGXTWXAEJRXHL,digital,MyBank,"{\"action\": {\"amt\": 267.9958234312146, \"currency_code\": \"USD\"}}",mybank
customer_id,19,fund,3697937916,fixed_quota_purchase,GKMTMVGQQIRJKEAFBPYG,digital,MMB,"{\"action\": {\"amt\": 404.3659877430169, \"currency_code\": \"TWD\"}}",mybank
customer_id,44,fund,3697937916,fixed_quota_purchase,GKMTMVGQQIRJKEAFBPYG,digital,MMB,"{\"action\": {\"amt\": 404.3659877430169, \"currency_code\": \"TWD\"}}",mybank
customer_id,22,TWD_demand_deposit,3697955004,transfer,DRVAFLPPAEMZODEFSFXK,digital,MyBank,"{\"action\": {\"amt\": 173.4394142273879, \"currency_code\": \"USD\"}}",mybank
customer_id,47,TWD_demand_deposit,3697955004,transfer,DRVAFLPPAEMZODEFSFXK,digital,MyBank,"{\"action\": {\"amt\": 173.4394142273879, \"currency_code\": \"USD\"}}",mybank
customer_id,19,TWD_demand_deposit,3697962711,transfer,PZIHSIADRNMZETJHKOGL,digital,MMB,"{\"action\": {\"amt\": 1122.4037685326232, \"currency_code\": \"TWD\"}}",mybank
customer_id,44,TWD_demand_deposit,3697962711,transfer,PZIHSIADRNMZETJHKOGL,digital,MMB,"{\"action\": {\"amt\": 1122.4037685326232, \"currency_code\": \"TWD\"}}",mybank
customer_id,5,fund,3697966158,fixed_quota_purchase,FMOBUPFHDPYACSSRTMAF,digital,MMB,"{\"action\": {\"amt\": 132.57550967784528, \"currency_code\": \"TWD\"}}",mybank
customer_id,30,fund,3697966158,fixed_quota_purchase,FMOBUPFHDPYACSSRTMAF,digital,MMB,"{\"action\": {\"amt\": 132.57550967784528, \"currency_code\": \"TWD\"}}",mybank
customer_id,2,fund,3697971195,fixed_quota_purchase,LXYNBTDTTABRCGNQUSKD,digital,MyBank,"{\"action\": {\"amt\": 2258.328628546962, \"currency_code\": \"TWD\"}}",mybank
customer_id,27,fund,3697971195,fixed_quota_purchase,LXYNBTDTTABRCGNQUSKD,digital,MyBank,"{\"action\": {\"amt\": 2258.328628546962, \"currency_code\": \"TWD\"}}",mybank
customer_id,1,TWD_demand_deposit,3697980998,other_payment,IEMCTLTJUYDBBYQVMZKH,digital,MMB,"{\"action\": {\"amt\": 799.9201054783294, \"currency_code\": \"USD\"}}",mybank
customer_id,26,TWD_demand_deposit,3697980998,other_payment,IEMCTLTJUYDBBYQVMZKH,digital,MMB,"{\"action\": {\"amt\": 799.9201054783294, \"currency_code\": \"USD\"}}",mybank
customer_id,2,fund,3697986394,general_purchase,KQZCONFRENZFECXVMGLJ,digital,MyBank,"{\"action\": {\"amt\": 1358.0725534019275, \"currency_code\": \"TWD\"}}",mybank
customer_id,27,fund,3697986394,general_purchase,KQZCONFRENZFECXVMGLJ,digital,MyBank,"{\"action\": {\"amt\": 1358.0725534019275, \"currency_code\": \"TWD\"}}",mybank
customer_id,16,TWD_demand_deposit,3697993685,transfer,LXQLNBRUDDCJTGNPZDIL,digital,MyBank,"{\"action\": {\"amt\": 320.2371632914499, \"currency_code\": \"USD\"}}",mybank
customer_id,41,TWD_demand_deposit,3697993685,transfer,LXQLNBRUDDCJTGNPZDIL,digital,MyBank,"{\"action\": {\"amt\": 320.2371632914499, \"currency_code\": \"USD\"}}",mybank
customer_id,8,TWD_demand_deposit,3697998080,transfer,CMPWOYXKPADMRGZAMQKP,digital,MMB,"{\"action\": {\"amt\": 102.15559258054772, \"currency_code\": \"USD\"}}",mybank
customer_id,33,TWD_demand_deposit,3697998080,transfer,CMPWOYXKPADMRGZAMQKP,digital,MMB,"{\"action\": {\"amt\": 102.15559258054772, \"currency_code\": \"USD\"}}",mybank
customer_id,22,fund,3697999673,general_purchase,VQJQRAEMTDUZBIBMUONH,digital,MMB,"{\"action\": {\"amt\": 1220.2554053263675, \"currency_code\": \"USD\"}}",mybank
customer_id,47,fund,3697999673,general_purchase,VQJQRAEMTDUZBIBMUONH,digital,MMB,"{\"action\": {\"amt\": 1220.2554053263675, \"currency_code\": \"USD\"}}",mybank
customer_id,1,TWD_demand_deposit,3698000850,other_payment,HULMRZTKHBAXCSCDPWNC,digital,MMB,"{\"action\": {\"amt\": 924.346299109806, \"currency_code\": \"TWD\"}}",mybank
customer_id,26,TWD_demand_deposit,3698000850,other_payment,HULMRZTKHBAXCSCDPWNC,digital,MMB,"{\"action\": {\"amt\": 924.346299109806, \"currency_code\": \"TWD\"}}",mybank
customer_id,17,fund,3698002330,fixed_quota_purchase,RAXMZGCPBDHIRVYRPQNT,digital,MMB,"{\"action\": {\"amt\": 1365.3180812815644, \"currency_code\": \"USD\"}}",mybank
customer_id,42,fund,3698002330,fixed_quota_purchase,RAXMZGCPBDHIRVYRPQNT,digital,MMB,"{\"action\": {\"amt\": 1365.3180812815644, \"currency_code\": \"USD\"}}",mybank
customer_id,2,TWD_demand_deposit,3698003045,transfer,ZVOOVBTFPQUESMERZGGP,digital,MyBank,"{\"action\": {\"amt\": 373.2673540734713, \"currency_code\": \"TWD\"}}",mybank
customer_id,27,TWD_demand_deposit,3698003045,transfer,ZVOOVBTFPQUESMERZGGP,digital,MyBank,"{\"action\": {\"amt\": 373.2673540734713, \"currency_code\": \"TWD\"}}",mybank
customer_id,10,fund,3698003373,general_purchase,RVLWXXLLXQCTHUXSSVBZ,digital,MMB,"{\"action\": {\"amt\": 169.1957765463497, \"currency_code\": \"TWD\"}}",mybank
customer_id,35,fund,3698003373,general_purchase,RVLWXXLLXQCTHUXSSVBZ,digital,MMB,"{\"action\": {\"amt\": 169.1957765463497, \"currency_code\": \"TWD\"}}",mybank
customer_id,15,TWD_demand_deposit,3698005013,credit_card_payment,HOZGJYRVBSHQHOLPJSQA,digital,MMB,"{\"action\": {\"amt\": 97.43670701825474, \"currency_code\": \"TWD\"}}",mybank
customer_id,40,TWD_demand_deposit,3698005013,credit_card_payment,HOZGJYRVBSHQHOLPJSQA,digital,MMB,"{\"action\": {\"amt\": 97.43670701825474, \"currency_code\": \"TWD\"}}",mybank
customer_id,15,TWD_demand_deposit,3698012563,credit_card_payment,YOUXCGUGRXSCOEXPKQBK,digital,MyBank,"{\"action\": {\"amt\": 673.806817443149, \"currency_code\": \"TWD\"}}",mybank
customer_id,40,TWD_demand_deposit,3698012563,credit_card_payment,YOUXCGUGRXSCOEXPKQBK,digital,MyBank,"{\"action\": {\"amt\": 673.806817443149, \"currency_code\": \"TWD\"}}",mybank
customer_id,1,TWD_demand_deposit,3698017731,transfer,XBSMXNNJCBRYMZTZJULC,digital,MyBank,"{\"action\": {\"amt\": 1401.6674138419025, \"currency_code\": \"TWD\"}}",mybank
customer_id,26,TWD_demand_deposit,3698017731,transfer,XBSMXNNJCBRYMZTZJULC,digital,MyBank,"{\"action\": {\"amt\": 1401.6674138419025, \"currency_code\": \"TWD\"}}",mybank
customer_id,12,TWD_demand_deposit,3698018437,transfer,ZPBHFQITZREMKYSBJDHT,digital,MyBank,"{\"action\": {\"amt\": 44.99925306140567, \"currency_code\": \"USD\"}}",mybank
customer_id,37,TWD_demand_deposit,3698018437,transfer,ZPBHFQITZREMKYSBJDHT,digital,MyBank,"{\"action\": {\"amt\": 44.99925306140567, \"currency_code\": \"USD\"}}",mybank
customer_id,16,TWD_demand_deposit,3698018652,transfer,BKOGNQMBPMUGGITWQHVV,digital,MMB,"{\"action\": {\"amt\": 358.371607685809, \"currency_code\": \"TWD\"}}",mybank
customer_id,41,TWD_demand_deposit,3698018652,transfer,BKOGNQMBPMUGGITWQHVV,digital,MMB,"{\"action\": {\"amt\": 358.371607685809, \"currency_code\": \"TWD\"}}",mybank
customer_id,10,TWD_demand_deposit,3698023647,other_payment,FQANIMXKTYFYQLLRLEHZ,digital,MMB,"{\"action\": {\"amt\": 115.66206003819839, \"currency_code\": \"USD\"}}",mybank
customer_id,35,TWD_demand_deposit,3698023647,other_payment,FQANIMXKTYFYQLLRLEHZ,digital,MMB,"{\"action\": {\"amt\": 115.66206003819839, \"currency_code\": \"USD\"}}",mybank
customer_id,7,fund,3698031379,general_purchase,CHANWGNKJYMPZSEJXZTG,digital,MyBank,"{\"action\": {\"amt\": 77.09772548531537, \"currency_code\": \"TWD\"}}",mybank
customer_id,32,fund,3698031379,general_purchase,CHANWGNKJYMPZSEJXZTG,digital,MyBank,"{\"action\": {\"amt\": 77.09772548531537, \"currency_code\": \"TWD\"}}",mybank
customer_id,18,fund,3698037319,general_purchase,HWTPVUWLJGJLJNNEVJLC,digital,MyBank,"{\"action\": {\"amt\": 559.6279361248247, \"currency_code\": \"TWD\"}}",mybank
customer_id,43,fund,3698037319,general_purchase,HWTPVUWLJGJLJNNEVJLC,digital,MyBank,"{\"action\": {\"amt\": 559.6279361248247, \"currency_code\": \"TWD\"}}",mybank
customer_id,10,TWD_demand_deposit,3698037661,other_payment,ODVZQGWTISCPVCMMZWAH,digital,MyBank,"{\"action\": {\"amt\": 32.64667179650239, \"currency_code\": \"USD\"}}",mybank
customer_id,35,TWD_demand_deposit,3698037661,other_payment,ODVZQGWTISCPVCMMZWAH,digital,MyBank,"{\"action\": {\"amt\": 32.64667179650239, \"currency_code\": \"USD\"}}",mybank
customer_id,19,fund,3698038245,fixed_quota_purchase,QMJYUCKGFTBSQITUMHRK,digital,MyBank,"{\"action\": {\"amt\": 142.3749900511383, \"currency_code\": \"USD\"}}",mybank
customer_id,44,fund,3698038245,fixed_quota_purchase,QMJYUCKGFTBSQITUMHRK,digital,MyBank,"{\"action\": {\"amt\": 142.3749900511383, \"currency_code\": \"USD\"}}",mybank
customer_id,3,TWD_demand_deposit,3698044916,other_payment,CNLPJSUZNQSDHDJHASHX,digital,MyBank,"{\"action\": {\"amt\": 495.1969914945332, \"currency_code\": \"USD\"}}",mybank
customer_id,28,TWD_demand_deposit,3698044916,other_payment,CNLPJSUZNQSDHDJHASHX,digital,MyBank,"{\"action\": {\"amt\": 495.1969914945332, \"currency_code\": \"USD\"}}",mybank
customer_id,4,TWD_demand_deposit,3698048433,transfer,VQIGMJNCRBJTTIIZQSMU,digital,MMB,"{\"action\": {\"amt\": 239.98195275139136, \"currency_code\": \"TWD\"}}",mybank
customer_id,29,TWD_demand_deposit,3698048433,transfer,VQIGMJNCRBJTTIIZQSMU,digital,MMB,"{\"action\": {\"amt\": 239.98195275139136, \"currency_code\": \"TWD\"}}",mybank
customer_id,22,fund,3698054142,general_purchase,YTTLNFADCZBUZVUYUYQU,digital,MyBank,"{\"action\": {\"amt\": 48.22929968330807, \"currency_code\": \"TWD\"}}",mybank
customer_id,47,fund,3698054142,general_purchase,YTTLNFADCZBUZVUYUYQU,digital,MyBank,"{\"action\": {\"amt\": 48.22929968330807, \"currency_code\": \"TWD\"}}",mybank
customer_id,12,TWD_demand_deposit,3698057224,credit_card_payment,RZBRCDNDEZMRUMKZSRZK,digital,MyBank,"{\"action\": {\"amt\": 163.86044559496898, \"currency_code\": \"USD\"}}",mybank
customer_id,37,TWD_demand_deposit,3698057224,credit_card_payment,RZBRCDNDEZMRUMKZSRZK,digital,MyBank,"{\"action\": {\"amt\": 163.86044559496898, \"currency_code\": \"USD\"}}",mybank
customer_id,15,fund,3698057400,general_purchase,NHAHHREAHRRJDCWULRKA,digital,MMB,"{\"action\": {\"amt\": 313.0729709057525, \"currency_code\": \"USD\"}}",mybank
customer_id,40,fund,3698057400,general_purchase,NHAHHREAHRRJDCWULRKA,digital,MMB,"{\"action\": {\"amt\": 313.0729709057525, \"currency_code\": \"USD\"}}",mybank
customer_id,10,fund,3698066225,fixed_quota_purchase,TWOBOZBVCPRIHVWHFWKM,digital,MyBank,"{\"action\": {\"amt\": 1950.9478129017825, \"currency_code\": \"USD\"}}",mybank
customer_id,35,fund,3698066225,fixed_quota_purchase,TWOBOZBVCPRIHVWHFWKM,digital,MyBank,"{\"action\": {\"amt\": 1950.9478129017825, \"currency_code\": \"USD\"}}",mybank
customer_id,8,fund,3698103928,general_purchase,OKALHUNLWOMTFZUTCULY,digital,MyBank,"{\"action\": {\"amt\": 506.82357006718337, \"currency_code\": \"USD\"}}",mybank
customer_id,33,fund,3698103928,general_purchase,OKALHUNLWOMTFZUTCULY,digital,MyBank,"{\"action\": {\"amt\": 506.82357006718337, \"currency_code\": \"USD\"}}",mybank
customer_id,14,TWD_demand_deposit,3698120202,credit_card_payment,ERHNVOLDXZFZIUPTWQVG,digital,MMB,"{\"action\": {\"amt\": 424.3239339669651, \"currency_code\": \"TWD\"}}",mybank
customer_id,39,TWD_demand_deposit,3698120202,credit_card_payment,ERHNVOLDXZFZIUPTWQVG,digital,MMB,"{\"action\": {\"amt\": 424.3239339669651, \"currency_code\": \"TWD\"}}",mybank
customer_id,9,TWD_demand_deposit,3698121568,credit_card_payment,EOSUOUPSYQXBELYXDWWV,digital,MMB,"{\"action\": {\"amt\": 1842.176893884393, \"currency_code\": \"TWD\"}}",mybank
customer_id,34,TWD_demand_deposit,3698121568,credit_card_payment,EOSUOUPSYQXBELYXDWWV,digital,MMB,"{\"action\": {\"amt\": 1842.176893884393, \"currency_code\": \"TWD\"}}",mybank
customer_id,3,fund,3698122757,fixed_quota_purchase,BWTPUIOIXVSDSVWERWKS,digital,MMB,"{\"action\": {\"amt\": 481.9727276230287, \"currency_code\": \"USD\"}}",mybank
customer_id,28,fund,3698122757,fixed_quota_purchase,BWTPUIOIXVSDSVWERWKS,digital,MMB,"{\"action\": {\"amt\": 481.9727276230287, \"currency_code\": \"USD\"}}",mybank
customer_id,2,TWD_demand_deposit,3698128653,transfer,RXKBHQVSVKFFFUSTBGXV,digital,MyBank,"{\"action\": {\"amt\": 441.63959699681106, \"currency_code\": \"USD\"}}",mybank
customer_id,27,TWD_demand_deposit,3698128653,transfer,RXKBHQVSVKFFFUSTBGXV,digital,MyBank,"{\"action\": {\"amt\": 441.63959699681106, \"currency_code\": \"USD\"}}",mybank
customer_id,5,fund,3698134273,fixed_quota_purchase,GTKDGXOTOFGFAADAOPMX,digital,MyBank,"{\"action\": {\"amt\": 1653.9206648968252, \"currency_code\": \"TWD\"}}",mybank
customer_id,30,fund,3698134273,fixed_quota_purchase,GTKDGXOTOFGFAADAOPMX,digital,MyBank,"{\"action\": {\"amt\": 1653.9206648968252, \"currency_code\": \"TWD\"}}",mybank
customer_id,3,TWD_demand_deposit,3698137896,other_payment,ARFWZXMGJUYOZLUEKBPE,digital,MyBank,"{\"action\": {\"amt\": 25.065097662663455, \"currency_code\": \"USD\"}}",mybank
customer_id,28,TWD_demand_deposit,3698137896,other_payment,ARFWZXMGJUYOZLUEKBPE,digital,MyBank,"{\"action\": {\"amt\": 25.065097662663455, \"currency_code\": \"USD\"}}",mybank
customer_id,14,TWD_demand_deposit,3698150378,transfer,NCLFOBBZRBBTTMVHWLNO,digital,MyBank,"{\"action\": {\"amt\": 1035.6297121759326, \"currency_code\": \"TWD\"}}",mybank
customer_id,39,TWD_demand_deposit,3698150378,transfer,NCLFOBBZRBBTTMVHWLNO,digital,MyBank,"{\"action\": {\"amt\": 1035.6297121759326, \"currency_code\": \"TWD\"}}",mybank
customer_id,9,TWD_demand_deposit,3698154670,credit_card_payment,OKOSTYUBMKJCWHEZGSWH,digital,MyBank,"{\"action\": {\"amt\": 2.792312277294274, \"currency_code\": \"TWD\"}}",mybank
customer_id,34,TWD_demand_deposit,3698154670,credit_card_payment,OKOSTYUBMKJCWHEZGSWH,digital,MyBank,"{\"action\": {\"amt\": 2.792312277294274, \"currency_code\": \"TWD\"}}",mybank
customer_id,9,fund,3698165790,general_purchase,PAXLRFEMCZXUMGYONPAP,digital,MyBank,"{\"action\": {\"amt\": 1623.0606786626468, \"currency_code\": \"TWD\"}}",mybank
customer_id,34,fund,3698165790,general_purchase,PAXLRFEMCZXUMGYONPAP,digital,MyBank,"{\"action\": {\"amt\": 1623.0606786626468, \"currency_code\": \"TWD\"}}",mybank
customer_id,8,fund,3698166755,general_purchase,USSCLPBSHAYDJEJDRSSB,digital,MyBank,"{\"action\": {\"amt\": 190.48682711180265, \"currency_code\": \"TWD\"}}",mybank
customer_id,33,fund,3698166755,general_purchase,USSCLPBSHAYDJEJDRSSB,digital,MyBank,"{\"action\": {\"amt\": 190.48682711180265, \"currency_code\": \"TWD\"}}",mybank
customer_id,21,TWD_demand_deposit,3698180182,transfer,LSISNXOGRHGAHBBDEVGB,digital,MyBank,"{\"action\": {\"amt\": 1218.0457901261846, \"currency_code\": \"TWD\"}}",mybank
customer_id,46,TWD_demand_deposit,3698180182,transfer,LSISNXOGRHGAHBBDEVGB,digital,MyBank,"{\"action\": {\"amt\": 1218.0457901261846, \"currency_code\": \"TWD\"}}",mybank
customer_id,8,fund,3698185105,fixed_quota_purchase,FFBUZAJMLLWLJZEAPNCR,digital,MMB,"{\"action\": {\"amt\": 262.90274710031156, \"currency_code\": \"TWD\"}}",mybank
customer_id,33,fund,3698185105,fixed_quota_purchase,FFBUZAJMLLWLJZEAPNCR,digital,MMB,"{\"action\": {\"amt\": 262.90274710031156, \"currency_code\": \"TWD\"}}",mybank
customer_id,15,TWD_demand_deposit,3698194442,other_payment,MZLCGEOOWFNQEMEHHWQD,digital,MMB,"{\"action\": {\"amt\": 110.71564762726935, \"currency_code\": \"TWD\"}}",mybank
customer_id,40,TWD_demand_deposit,3698194442,other_payment,MZLCGEOOWFNQEMEHHWQD,digital,MMB,"{\"action\": {\"amt\": 110.71564762726935, \"currency_code\": \"TWD\"}}",mybank
customer_id,15,TWD_demand_deposit,3698203479,other_payment,FTKIRZHEEYFPBMEWKWSO,digital,MyBank,"{\"action\": {\"amt\": 1349.1299671714587, \"currency_code\": \"USD\"}}",mybank
customer_id,40,TWD_demand_deposit,3698203479,other_payment,FTKIRZHEEYFPBMEWKWSO,digital,MyBank,"{\"action\": {\"amt\": 1349.1299671714587, \"currency_code\": \"USD\"}}",mybank
customer_id,12,fund,3698204147,fixed_quota_purchase,BWFDOPEFLKPLORRRETGJ,digital,MMB,"{\"action\": {\"amt\": 192.5662893944159, \"currency_code\": \"USD\"}}",mybank
customer_id,37,fund,3698204147,fixed_quota_purchase,BWFDOPEFLKPLORRRETGJ,digital,MMB,"{\"action\": {\"amt\": 192.5662893944159, \"currency_code\": \"USD\"}}",mybank
customer_id,23,fund,3698207404,fixed_quota_purchase,JKZOATRWRZOQRWGHUNYF,digital,MMB,"{\"action\": {\"amt\": 475.8783962521956, \"currency_code\": \"TWD\"}}",mybank
customer_id,48,fund,3698207404,fixed_quota_purchase,JKZOATRWRZOQRWGHUNYF,digital,MMB,"{\"action\": {\"amt\": 475.8783962521956, \"currency_code\": \"TWD\"}}",mybank
customer_id,25,fund,3698209482,fixed_quota_purchase,WADIRKBLUFIQROFFSFEZ,digital,MyBank,"{\"action\": {\"amt\": 1248.7829122163778, \"currency_code\": \"TWD\"}}",mybank
customer_id,50,fund,3698209482,fixed_quota_purchase,WADIRKBLUFIQROFFSFEZ,digital,MyBank,"{\"action\": {\"amt\": 1248.7829122163778, \"currency_code\": \"TWD\"}}",mybank
customer_id,13,TWD_demand_deposit,3698222396,credit_card_payment,HPJFQNSAYZFLWHBQIWQO,digital,MyBank,"{\"action\": {\"amt\": 2541.019211873417, \"currency_code\": \"TWD\"}}",mybank
customer_id,38,TWD_demand_deposit,3698222396,credit_card_payment,HPJFQNSAYZFLWHBQIWQO,digital,MyBank,"{\"action\": {\"amt\": 2541.019211873417, \"currency_code\": \"TWD\"}}",mybank
customer_id,22,TWD_demand_deposit,3698223312,other_payment,MWYPEXNYKRCHETOZHABW,digital,MMB,"{\"action\": {\"amt\": 282.95499157835303, \"currency_code\": \"USD\"}}",mybank
customer_id,47,TWD_demand_deposit,3698223312,other_payment,MWYPEXNYKRCHETOZHABW,digital,MMB,"{\"action\": {\"amt\": 282.95499157835303, \"currency_code\": \"USD\"}}",mybank
customer_id,9,TWD_demand_deposit,3698233998,credit_card_payment,GNCDHGMRNBZBVHIEWUJC,digital,MMB,"{\"action\": {\"amt\": 888.9204048190774, \"currency_code\": \"TWD\"}}",mybank
customer_id,34,TWD_demand_deposit,3698233998,credit_card_payment,GNCDHGMRNBZBVHIEWUJC,digital,MMB,"{\"action\": {\"amt\": 888.9204048190774, \"currency_code\": \"TWD\"}}",mybank
customer_id,20,TWD_demand_deposit,3698234801,credit_card_payment,WTGJXJPTJUBSOKQBOWQC,digital,MMB,"{\"action\": {\"amt\": 1247.1005677341768, \"currency_code\": \"TWD\"}}",mybank
customer_id,45,TWD_demand_deposit,3698234801,credit_card_payment,WTGJXJPTJUBSOKQBOWQC,digital,MMB,"{\"action\": {\"amt\": 1247.1005677341768, \"currency_code\": \"TWD\"}}",mybank
customer_id,7,fund,3698249425,general_purchase,DCARTWANQSBRMFHQNREE,digital,MMB,"{\"action\": {\"amt\": 110.1839977525863, \"currency_code\": \"TWD\"}}",mybank
customer_id,32,fund,3698249425,general_purchase,DCARTWANQSBRMFHQNREE,digital,MMB,"{\"action\": {\"amt\": 110.1839977525863, \"currency_code\": \"TWD\"}}",mybank
customer_id,24,TWD_demand_deposit,3698260769,credit_card_payment,KREFSMEUTUQLDJBOSDRW,digital,MMB,"{\"action\": {\"amt\": 254.375688137128, \"currency_code\": \"USD\"}}",mybank
customer_id,49,TWD_demand_deposit,3698260769,credit_card_payment,KREFSMEUTUQLDJBOSDRW,digital,MMB,"{\"action\": {\"amt\": 254.375688137128, \"currency_code\": \"USD\"}}",mybank
customer_id,25,TWD_demand_deposit,3698266764,transfer,QGAQCDCRLOUEXSQMHHTS,digital,MyBank,"{\"action\": {\"amt\": 1536.1656505940132, \"currency_code\": \"USD\"}}",mybank
customer_id,50,TWD_demand_deposit,3698266764,transfer,QGAQCDCRLOUEXSQMHHTS,digital,MyBank,"{\"action\": {\"amt\": 1536.1656505940132, \"currency_code\": \"USD\"}}",mybank
customer_id,3,fund,3698268703,general_purchase,GAUVGPPOOHEJVHSRTSLN,digital,MyBank,"{\"action\": {\"amt\": 461.856374788776, \"currency_code\": \"TWD\"}}",mybank
customer_id,28,fund,3698268703,general_purchase,GAUVGPPOOHEJVHSRTSLN,digital,MyBank,"{\"action\": {\"amt\": 461.856374788776, \"currency_code\": \"TWD\"}}",mybank
customer_id,8,fund,3698276721,fixed_quota_purchase,DTIBCGSEKWJAOVDHAJFO,digital,MMB,"{\"action\": {\"amt\": 2343.284345114567, \"currency_code\": \"TWD\"}}",mybank
customer_id,33,fund,3698276721,fixed_quota_purchase,DTIBCGSEKWJAOVDHAJFO,digital,MMB,"{\"action\": {\"amt\": 2343.284345114567, \"currency_code\": \"TWD\"}}",mybank
customer_id,3,fund,3698280991,fixed_quota_purchase,BXRNAPURISICJWQNJBES,digital,MyBank,"{\"action\": {\"amt\": 114.09286922463426, \"currency_code\": \"USD\"}}",mybank
customer_id,28,fund,3698280991,fixed_quota_purchase,BXRNAPURISICJWQNJBES,digital,MyBank,"{\"action\": {\"amt\": 114.09286922463426, \"currency_code\": \"USD\"}}",mybank
customer_id,7,fund,3698282207,fixed_quota_purchase,VKUQPKJAQLCJZIQAEWXT,digital,MMB,"{\"action\": {\"amt\": 546.8527393624673, \"currency_code\": \"TWD\"}}",mybank
customer_id,32,fund,3698282207,fixed_quota_purchase,VKUQPKJAQLCJZIQAEWXT,digital,MMB,"{\"action\": {\"amt\": 546.8527393624673, \"currency_code\": \"TWD\"}}",mybank
customer_id,23,TWD_demand_deposit,3698284127,credit_card_payment,NAHSHOGECXGJJNXTXYPB,digital,MMB,"{\"action\": {\"amt\": 129.07291518052077, \"currency_code\": \"TWD\"}}",mybank
customer_id,48,TWD_demand_deposit,3698284127,credit_card_payment,NAHSHOGECXGJJNXTXYPB,digital,MMB,"{\"action\": {\"amt\": 129.07291518052077, \"currency_code\": \"TWD\"}}",mybank
customer_id,21,fund,3698303207,fixed_quota_purchase,ANNEUCEQXFEDKLVUFQBC,digital,MyBank,"{\"action\": {\"amt\": 123.24594906656338, \"currency_code\": \"TWD\"}}",mybank
customer_id,46,fund,3698303207,fixed_quota_purchase,ANNEUCEQXFEDKLVUFQBC,digital,MyBank,"{\"action\": {\"amt\": 123.24594906656338, \"currency_code\": \"TWD\"}}",mybank
customer_id,22,fund,3698306775,fixed_quota_purchase,NYWVPKSQZSKCKFHXFCWS,digital,MMB,"{\"action\": {\"amt\": 1409.1047688332446, \"currency_code\": \"TWD\"}}",mybank
customer_id,47,fund,3698306775,fixed_quota_purchase,NYWVPKSQZSKCKFHXFCWS,digital,MMB,"{\"action\": {\"amt\": 1409.1047688332446, \"currency_code\": \"TWD\"}}",mybank
customer_id,13,fund,3698309906,fixed_quota_purchase,WJUHUWBYLQRDHTQQRARF,digital,MyBank,"{\"action\": {\"amt\": 809.5449657887422, \"currency_code\": \"TWD\"}}",mybank
customer_id,38,fund,3698309906,fixed_quota_purchase,WJUHUWBYLQRDHTQQRARF,digital,MyBank,"{\"action\": {\"amt\": 809.5449657887422, \"currency_code\": \"TWD\"}}",mybank
customer_id,3,fund,3698313737,general_purchase,XDEUDIZNJBISRBKZRQYE,digital,MyBank,"{\"action\": {\"amt\": 1499.9389761956375, \"currency_code\": \"TWD\"}}",mybank
customer_id,28,fund,3698313737,general_purchase,XDEUDIZNJBISRBKZRQYE,digital,MyBank,"{\"action\": {\"amt\": 1499.9389761956375, \"currency_code\": \"TWD\"}}",mybank
customer_id,19,fund,3698319092,general_purchase,ZAATADDMTZNQZRSLQDAY,digital,MMB,"{\"action\": {\"amt\": 577.6897700839842, \"currency_code\": \"TWD\"}}",mybank
customer_id,44,fund,3698319092,general_purchase,ZAATADDMTZNQZRSLQDAY,digital,MMB,"{\"action\": {\"amt\": 577.6897700839842, \"currency_code\": \"TWD\"}}",mybank
customer_id,9,TWD_demand_deposit,3698325796,transfer,OXOIVPOBDVJYBMBQCNPW,digital,MMB,"{\"action\": {\"amt\": 3962.729605077686, \"currency_code\": \"USD\"}}",mybank
customer_id,34,TWD_demand_deposit,3698325796,transfer,OXOIVPOBDVJYBMBQCNPW,digital,MMB,"{\"action\": {\"amt\": 3962.729605077686, \"currency_code\": \"USD\"}}",mybank
customer_id,19,TWD_demand_deposit,3698333335,transfer,LBTNIHEHCVUOYAOFMBFT,digital,MMB,"{\"action\": {\"amt\": 2361.9218793744994, \"currency_code\": \"USD\"}}",mybank
customer_id,44,TWD_demand_deposit,3698333335,transfer,LBTNIHEHCVUOYAOFMBFT,digital,MMB,"{\"action\": {\"amt\": 2361.9218793744994, \"currency_code\": \"USD\"}}",mybank
customer_id,20,fund,3698335878,fixed_quota_purchase,JXGCKOMRPDUTFFDLECHK,digital,MyBank,"{\"action\": {\"amt\": 404.3003177014479, \"currency_code\": \"TWD\"}}",mybank
customer_id,45,fund,3698335878,fixed_quota_purchase,JXGCKOMRPDUTFFDLECHK,digital,MyBank,"{\"action\": {\"amt\": 404.3003177014479, \"currency_code\": \"TWD\"}}",mybank
customer_id,24,fund,3698345134,fixed_quota_purchase,VCONOVVQURMKFTLGSWWR,digital,MyBank,"{\"action\": {\"amt\": 1827.3734796084725, \"currency_code\": \"USD\"}}",mybank
customer_id,49,fund,3698345134,fixed_quota_purchase,VCONOVVQURMKFTLGSWWR,digital,MyBank,"{\"action\": {\"amt\": 1827.3734796084725, \"currency_code\": \"USD\"}}",mybank
customer_id,15,fund,3698346719,fixed_quota_purchase,HDXSFUAOHMKLLNJTIXEI,digital,MMB,"{\"action\": {\"amt\": 1355.1919993338497, \"currency_code\": \"USD\"}}",mybank
customer_id,40,fund,3698346719,fixed_quota_purchase,HDXSFUAOHMKLLNJTIXEI,digital,MMB,"{\"action\": {\"amt\": 1355.1919993338497, \"currency_code\": \"USD\"}}",mybank
customer_id,2,TWD_demand_deposit,3698352635,transfer,YEADUAMFJNAWBHJYJPIA,digital,MyBank,"{\"action\": {\"amt\": 238.48435338109044, \"currency_code\": \"TWD\"}}",mybank
customer_id,27,TWD_demand_deposit,3698352635,transfer,YEADUAMFJNAWBHJYJPIA,digital,MyBank,"{\"action\": {\"amt\": 238.48435338109044, \"currency_code\": \"TWD\"}}",mybank
customer_id,16,TWD_demand_deposit,3698357717,transfer,RSYPMSCRLXWGYHAWBSGB,digital,MyBank,"{\"action\": {\"amt\": 702.0161915676608, \"currency_code\": \"TWD\"}}",mybank
customer_id,41,TWD_demand_deposit,3698357717,transfer,RSYPMSCRLXWGYHAWBSGB,digital,MyBank,"{\"action\": {\"amt\": 702.0161915676608, \"currency_code\": \"TWD\"}}",mybank
customer_id,12,fund,3698358429,fixed_quota_purchase,PATYKMOSWGTQRUGQNFJZ,digital,MMB,"{\"action\": {\"amt\": 2220.33026137036, \"currency_code\": \"USD\"}}",mybank
customer_id,37,fund,3698358429,fixed_quota_purchase,PATYKMOSWGTQRUGQNFJZ,digital,MMB,"{\"action\": {\"amt\": 2220.33026137036, \"currency_code\": \"USD\"}}",mybank
customer_id,19,fund,3698362233,fixed_quota_purchase,FVBLDYFKMCWHKHJJOUZG,digital,MMB,"{\"action\": {\"amt\": 30.987108452480555, \"currency_code\": \"TWD\"}}",mybank
customer_id,44,fund,3698362233,fixed_quota_purchase,FVBLDYFKMCWHKHJJOUZG,digital,MMB,"{\"action\": {\"amt\": 30.987108452480555, \"currency_code\": \"TWD\"}}",mybank
